/*
 Navicat Premium Data Transfer

 Source Server         : localhost
 Source Server Type    : MySQL
 Source Server Version : 50718
 Source Host           : localhost
 Source Database       : laravel_shop

 Target Server Type    : MySQL
 Target Server Version : 50718
 File Encoding         : utf-8

 Date: 05/27/2019 10:59:51 AM
*/

SET NAMES utf8mb4;
SET FOREIGN_KEY_CHECKS = 0;

-- ----------------------------
--  Table structure for `admin_menu`
-- ----------------------------
DROP TABLE IF EXISTS `admin_menu`;
CREATE TABLE `admin_menu` (
  `id` int(10) unsigned NOT NULL AUTO_INCREMENT,
  `parent_id` int(11) NOT NULL DEFAULT '0',
  `order` int(11) NOT NULL DEFAULT '0',
  `title` varchar(50) COLLATE utf8mb4_unicode_ci NOT NULL,
  `icon` varchar(50) COLLATE utf8mb4_unicode_ci NOT NULL,
  `uri` varchar(50) COLLATE utf8mb4_unicode_ci DEFAULT NULL,
  `created_at` timestamp NULL DEFAULT NULL,
  `updated_at` timestamp NULL DEFAULT NULL,
  PRIMARY KEY (`id`)
) ENGINE=InnoDB AUTO_INCREMENT=24 DEFAULT CHARSET=utf8mb4 COLLATE=utf8mb4_unicode_ci;

-- ----------------------------
--  Records of `admin_menu`
-- ----------------------------
BEGIN;
INSERT INTO `admin_menu` VALUES ('1', '0', '1', 'Index', 'fa-bar-chart', 'dashboard', null, '2019-05-09 13:16:14'), ('2', '0', '2', 'Admin', 'fa-tasks', '', null, null), ('3', '2', '3', 'Users', 'fa-users', 'auth/users', null, null), ('4', '2', '4', 'Roles', 'fa-user', 'auth/roles', null, null), ('5', '2', '5', 'Permission', 'fa-ban', 'auth/permissions', null, null), ('6', '2', '6', 'Menu', 'fa-bars', 'auth/menu', null, null), ('7', '2', '7', 'Operation log', 'fa-history', 'auth/logs', null, null), ('8', '0', '16', '会员管理', 'fa-user', '/users', '2018-08-02 02:45:37', '2018-09-07 21:35:45'), ('9', '0', '11', '商品管理', 'fa-cubes', '/products', '2018-08-02 02:47:05', '2018-09-07 21:34:52'), ('10', '0', '10', '优惠券管理', 'fa-cc-amex', '/coupon_codes', '2018-08-02 02:48:37', '2018-09-07 21:34:52'), ('11', '0', '9', '订单管理', 'fa-list-alt', '/orders', '2018-08-02 03:08:14', '2018-09-07 21:34:52'), ('12', '9', '15', '商品属性值管理', 'fa-bars', '/attributes', '2018-09-07 21:31:47', '2018-09-07 21:35:45'), ('13', '9', '13', '商品管理', 'fa-adjust', '/products', '2018-09-07 21:32:07', '2018-09-07 21:35:45'), ('14', '9', '14', '库存管理', 'fa-apple', '/skus', '2018-09-07 21:32:35', '2018-09-07 21:35:45'), ('17', '9', '12', '商品分类', 'fa-500px', '/categories', '2018-09-07 21:35:25', '2018-09-07 21:35:45'), ('19', '0', '0', '众筹商品', 'fa-bars', '/crowdfunding_products', '2018-10-01 08:55:11', '2018-10-01 08:55:11'), ('20', '0', '0', '秒杀商品', 'fa-clock-o', '/seckill_products', '2018-10-04 13:42:19', '2018-10-04 13:42:19'), ('21', '0', '17', '多媒体素材管理', 'fa-file', 'media', '2019-05-12 09:32:03', '2019-05-12 10:16:00'), ('23', '0', '18', '错误日志', 'fa-database', 'logs', '2019-05-12 10:10:57', '2019-05-12 10:16:15');
COMMIT;

-- ----------------------------
--  Table structure for `admin_operation_log`
-- ----------------------------
DROP TABLE IF EXISTS `admin_operation_log`;
CREATE TABLE `admin_operation_log` (
  `id` int(10) unsigned NOT NULL AUTO_INCREMENT,
  `user_id` int(11) NOT NULL,
  `path` varchar(255) COLLATE utf8mb4_unicode_ci NOT NULL,
  `method` varchar(10) COLLATE utf8mb4_unicode_ci NOT NULL,
  `ip` varchar(15) COLLATE utf8mb4_unicode_ci NOT NULL,
  `input` text COLLATE utf8mb4_unicode_ci NOT NULL,
  `created_at` timestamp NULL DEFAULT NULL,
  `updated_at` timestamp NULL DEFAULT NULL,
  PRIMARY KEY (`id`),
  KEY `admin_operation_log_user_id_index` (`user_id`)
) ENGINE=InnoDB AUTO_INCREMENT=2689 DEFAULT CHARSET=utf8mb4 COLLATE=utf8mb4_unicode_ci;

-- ----------------------------
--  Table structure for `admin_permissions`
-- ----------------------------
DROP TABLE IF EXISTS `admin_permissions`;
CREATE TABLE `admin_permissions` (
  `id` int(10) unsigned NOT NULL AUTO_INCREMENT,
  `name` varchar(50) COLLATE utf8mb4_unicode_ci NOT NULL,
  `slug` varchar(50) COLLATE utf8mb4_unicode_ci NOT NULL,
  `http_method` varchar(255) COLLATE utf8mb4_unicode_ci DEFAULT NULL,
  `http_path` text COLLATE utf8mb4_unicode_ci,
  `created_at` timestamp NULL DEFAULT NULL,
  `updated_at` timestamp NULL DEFAULT NULL,
  PRIMARY KEY (`id`),
  UNIQUE KEY `admin_permissions_name_unique` (`name`)
) ENGINE=InnoDB AUTO_INCREMENT=13 DEFAULT CHARSET=utf8mb4 COLLATE=utf8mb4_unicode_ci;

-- ----------------------------
--  Records of `admin_permissions`
-- ----------------------------
BEGIN;
INSERT INTO `admin_permissions` VALUES ('1', 'All permission', '*', '', '*', null, null), ('2', 'Dashboard', 'dashboard', 'GET', '/', null, null), ('3', 'Login', 'auth.login', '', '/auth/login\r\n/auth/logout', null, null), ('4', 'User setting', 'auth.setting', 'GET,PUT', '/auth/setting', null, null), ('5', 'Auth management', 'auth.management', '', '/auth/roles\r\n/auth/permissions\r\n/auth/menu\r\n/auth/logs', null, null), ('6', '商品管理', 'products', '', '/products*', '2018-08-02 02:54:57', '2018-08-02 02:54:57'), ('7', '优惠券管理', 'coupon', '', '/coupon_codes*', '2018-08-02 03:05:15', '2018-08-02 03:05:15'), ('8', '订单管理', 'orders', '', '/orders*', '2018-08-02 03:05:37', '2018-08-02 03:05:37'), ('9', '会员管理', 'users', '', '/users*', '2018-08-02 03:06:04', '2018-08-02 03:06:04'), ('10', 'Tab-dashboard', 'tabs.dashboard', null, '/dashboard', '2019-05-09 13:16:14', '2019-05-09 13:16:14'), ('11', 'Media manager', 'ext.media-manager', null, '/media*', '2019-05-12 09:32:03', '2019-05-12 09:32:03'), ('12', 'Logs', 'ext.log-viewer', null, '/logs*', '2019-05-12 10:10:57', '2019-05-12 10:10:57');
COMMIT;

-- ----------------------------
--  Table structure for `admin_role_menu`
-- ----------------------------
DROP TABLE IF EXISTS `admin_role_menu`;
CREATE TABLE `admin_role_menu` (
  `role_id` int(11) NOT NULL,
  `menu_id` int(11) NOT NULL,
  `created_at` timestamp NULL DEFAULT NULL,
  `updated_at` timestamp NULL DEFAULT NULL,
  KEY `admin_role_menu_role_id_menu_id_index` (`role_id`,`menu_id`)
) ENGINE=InnoDB DEFAULT CHARSET=utf8mb4 COLLATE=utf8mb4_unicode_ci;

-- ----------------------------
--  Records of `admin_role_menu`
-- ----------------------------
BEGIN;
INSERT INTO `admin_role_menu` VALUES ('1', '2', null, null);
COMMIT;

-- ----------------------------
--  Table structure for `admin_role_permissions`
-- ----------------------------
DROP TABLE IF EXISTS `admin_role_permissions`;
CREATE TABLE `admin_role_permissions` (
  `role_id` int(11) NOT NULL,
  `permission_id` int(11) NOT NULL,
  `created_at` timestamp NULL DEFAULT NULL,
  `updated_at` timestamp NULL DEFAULT NULL,
  KEY `admin_role_permissions_role_id_permission_id_index` (`role_id`,`permission_id`)
) ENGINE=InnoDB DEFAULT CHARSET=utf8mb4 COLLATE=utf8mb4_unicode_ci;

-- ----------------------------
--  Records of `admin_role_permissions`
-- ----------------------------
BEGIN;
INSERT INTO `admin_role_permissions` VALUES ('1', '1', null, null);
COMMIT;

-- ----------------------------
--  Table structure for `admin_role_users`
-- ----------------------------
DROP TABLE IF EXISTS `admin_role_users`;
CREATE TABLE `admin_role_users` (
  `role_id` int(11) NOT NULL,
  `user_id` int(11) NOT NULL,
  `created_at` timestamp NULL DEFAULT NULL,
  `updated_at` timestamp NULL DEFAULT NULL,
  KEY `admin_role_users_role_id_user_id_index` (`role_id`,`user_id`)
) ENGINE=InnoDB DEFAULT CHARSET=utf8mb4 COLLATE=utf8mb4_unicode_ci;

-- ----------------------------
--  Records of `admin_role_users`
-- ----------------------------
BEGIN;
INSERT INTO `admin_role_users` VALUES ('1', '1', null, null);
COMMIT;

-- ----------------------------
--  Table structure for `admin_roles`
-- ----------------------------
DROP TABLE IF EXISTS `admin_roles`;
CREATE TABLE `admin_roles` (
  `id` int(10) unsigned NOT NULL AUTO_INCREMENT,
  `name` varchar(50) COLLATE utf8mb4_unicode_ci NOT NULL,
  `slug` varchar(50) COLLATE utf8mb4_unicode_ci NOT NULL,
  `created_at` timestamp NULL DEFAULT NULL,
  `updated_at` timestamp NULL DEFAULT NULL,
  PRIMARY KEY (`id`),
  UNIQUE KEY `admin_roles_name_unique` (`name`)
) ENGINE=InnoDB AUTO_INCREMENT=2 DEFAULT CHARSET=utf8mb4 COLLATE=utf8mb4_unicode_ci;

-- ----------------------------
--  Records of `admin_roles`
-- ----------------------------
BEGIN;
INSERT INTO `admin_roles` VALUES ('1', 'Administrator', 'administrator', '2019-05-01 10:51:52', '2019-05-01 10:51:52');
COMMIT;

-- ----------------------------
--  Table structure for `admin_user_permissions`
-- ----------------------------
DROP TABLE IF EXISTS `admin_user_permissions`;
CREATE TABLE `admin_user_permissions` (
  `user_id` int(11) NOT NULL,
  `permission_id` int(11) NOT NULL,
  `created_at` timestamp NULL DEFAULT NULL,
  `updated_at` timestamp NULL DEFAULT NULL,
  KEY `admin_user_permissions_user_id_permission_id_index` (`user_id`,`permission_id`)
) ENGINE=InnoDB DEFAULT CHARSET=utf8mb4 COLLATE=utf8mb4_unicode_ci;

-- ----------------------------
--  Table structure for `admin_users`
-- ----------------------------
DROP TABLE IF EXISTS `admin_users`;
CREATE TABLE `admin_users` (
  `id` int(10) unsigned NOT NULL AUTO_INCREMENT,
  `username` varchar(190) COLLATE utf8mb4_unicode_ci NOT NULL,
  `password` varchar(60) COLLATE utf8mb4_unicode_ci NOT NULL,
  `name` varchar(255) COLLATE utf8mb4_unicode_ci NOT NULL,
  `avatar` varchar(255) COLLATE utf8mb4_unicode_ci DEFAULT NULL,
  `remember_token` varchar(100) COLLATE utf8mb4_unicode_ci DEFAULT NULL,
  `created_at` timestamp NULL DEFAULT NULL,
  `updated_at` timestamp NULL DEFAULT NULL,
  PRIMARY KEY (`id`),
  UNIQUE KEY `admin_users_username_unique` (`username`)
) ENGINE=InnoDB AUTO_INCREMENT=2 DEFAULT CHARSET=utf8mb4 COLLATE=utf8mb4_unicode_ci;

-- ----------------------------
--  Records of `admin_users`
-- ----------------------------
BEGIN;
INSERT INTO `admin_users` VALUES ('1', 'admin', '$2y$10$5.ayCU5HwpZ0qV5ADUySk.z4pKCaI5yqSQeAPGf82pg.gHvet22nC', 'Administrator', null, null, '2019-05-01 10:51:52', '2019-05-01 10:51:52');
COMMIT;

-- ----------------------------
--  Table structure for `attributes`
-- ----------------------------
DROP TABLE IF EXISTS `attributes`;
CREATE TABLE `attributes` (
  `id` int(10) unsigned NOT NULL AUTO_INCREMENT COMMENT '主键ID',
  `product_id` int(10) unsigned NOT NULL COMMENT '商品ID',
  `attr_id` int(10) unsigned NOT NULL COMMENT '属性名称',
  `attr_val` varchar(100) COLLATE utf8mb4_unicode_ci NOT NULL COMMENT '属性值',
  `created_at` timestamp NOT NULL DEFAULT CURRENT_TIMESTAMP COMMENT '创建时间',
  `updated_at` timestamp NOT NULL DEFAULT CURRENT_TIMESTAMP ON UPDATE CURRENT_TIMESTAMP COMMENT '更新时间',
  PRIMARY KEY (`id`)
) ENGINE=InnoDB AUTO_INCREMENT=17 DEFAULT CHARSET=utf8mb4 COLLATE=utf8mb4_unicode_ci COMMENT='商品属性表';

-- ----------------------------
--  Records of `attributes`
-- ----------------------------
BEGIN;
INSERT INTO `attributes` VALUES ('13', '38', '3', '深空灰', '2019-05-10 19:10:44', '2019-05-10 19:10:44'), ('14', '38', '4', '公开版', '2019-05-10 19:10:44', '2019-05-10 19:10:44'), ('15', '38', '3', '金色', '2019-05-26 16:06:15', '2019-05-26 16:06:15'), ('16', '38', '4', '正式版', '2019-05-26 16:06:15', '2019-05-26 16:06:15');
COMMIT;

-- ----------------------------
--  Table structure for `cart_items`
-- ----------------------------
DROP TABLE IF EXISTS `cart_items`;
CREATE TABLE `cart_items` (
  `id` int(10) unsigned NOT NULL AUTO_INCREMENT,
  `user_id` int(10) unsigned NOT NULL,
  `product_sku_id` int(10) unsigned NOT NULL,
  `amount` int(10) unsigned NOT NULL,
  PRIMARY KEY (`id`),
  KEY `cart_items_user_id_foreign` (`user_id`),
  KEY `cart_items_product_sku_id_foreign` (`product_sku_id`),
  CONSTRAINT `cart_items_product_sku_id_foreign` FOREIGN KEY (`product_sku_id`) REFERENCES `product_skus` (`id`) ON DELETE CASCADE,
  CONSTRAINT `cart_items_user_id_foreign` FOREIGN KEY (`user_id`) REFERENCES `users` (`id`) ON DELETE CASCADE
) ENGINE=InnoDB DEFAULT CHARSET=utf8mb4 COLLATE=utf8mb4_unicode_ci;

-- ----------------------------
--  Table structure for `categories`
-- ----------------------------
DROP TABLE IF EXISTS `categories`;
CREATE TABLE `categories` (
  `id` int(10) unsigned NOT NULL AUTO_INCREMENT COMMENT '主键ID',
  `name` varchar(50) COLLATE utf8mb4_unicode_ci NOT NULL COMMENT '分类名称',
  `parent_id` int(10) unsigned NOT NULL DEFAULT '0' COMMENT '父级分类ID',
  `score` int(11) NOT NULL DEFAULT '0' COMMENT '排序权重',
  `is_show` tinyint(3) unsigned NOT NULL DEFAULT '1' COMMENT '是否显示 0:否1:是',
  `level` int(10) unsigned NOT NULL DEFAULT '0',
  `level_path` varchar(255) COLLATE utf8mb4_unicode_ci NOT NULL DEFAULT '',
  `created_at` timestamp NOT NULL DEFAULT CURRENT_TIMESTAMP COMMENT '创建时间',
  `updated_at` timestamp NOT NULL DEFAULT CURRENT_TIMESTAMP ON UPDATE CURRENT_TIMESTAMP COMMENT '更新时间',
  PRIMARY KEY (`id`)
) ENGINE=InnoDB AUTO_INCREMENT=18 DEFAULT CHARSET=utf8mb4 COLLATE=utf8mb4_unicode_ci COMMENT='商品分类表';

-- ----------------------------
--  Records of `categories`
-- ----------------------------
BEGIN;
INSERT INTO `categories` VALUES ('5', '手机/数码', '0', '1', '1', '0', '-5-', '2019-05-05 23:40:41', '2019-05-10 18:12:46'), ('6', '手机', '5', '2', '1', '1', '-5-6-', '2019-05-05 23:40:41', '2019-05-10 18:12:57'), ('7', '电脑/办公', '0', '4', '1', '0', '-7-', '2019-05-05 23:40:41', '2019-05-10 18:14:39'), ('8', '笔记本', '7', '5', '1', '1', '-7-8-', '2019-05-05 23:40:41', '2019-05-10 18:14:39'), ('9', 'CAT5', '10', '8', '1', '1', '-10-9-', '2019-05-05 23:40:41', '2019-05-10 18:14:39'), ('10', '休闲/娱乐', '0', '6', '1', '0', '-10-', '2019-05-05 23:40:41', '2019-05-10 19:00:08'), ('11', '娱乐配件', '10', '7', '1', '1', '-10-11-', '2019-05-05 23:40:41', '2019-05-10 19:00:28'), ('12', 'CAT8', '0', '9', '1', '0', '-12-', '2019-05-05 23:40:41', '2019-05-10 18:14:12'), ('17', '手机配件', '5', '3', '1', '1', '-5-17-', '2019-05-07 09:55:14', '2019-05-10 18:14:12');
COMMIT;

-- ----------------------------
--  Table structure for `coupon_codes`
-- ----------------------------
DROP TABLE IF EXISTS `coupon_codes`;
CREATE TABLE `coupon_codes` (
  `id` int(10) unsigned NOT NULL AUTO_INCREMENT,
  `name` varchar(255) COLLATE utf8mb4_unicode_ci NOT NULL,
  `code` varchar(255) COLLATE utf8mb4_unicode_ci NOT NULL,
  `type` varchar(255) COLLATE utf8mb4_unicode_ci NOT NULL,
  `value` decimal(8,2) NOT NULL,
  `total` int(10) unsigned NOT NULL,
  `used` int(10) unsigned NOT NULL DEFAULT '0',
  `min_amount` decimal(10,2) NOT NULL,
  `not_before` datetime DEFAULT NULL,
  `not_after` datetime DEFAULT NULL,
  `enabled` tinyint(1) NOT NULL,
  `created_at` timestamp NULL DEFAULT NULL,
  `updated_at` timestamp NULL DEFAULT NULL,
  PRIMARY KEY (`id`),
  UNIQUE KEY `coupon_codes_code_unique` (`code`)
) ENGINE=InnoDB AUTO_INCREMENT=21 DEFAULT CHARSET=utf8mb4 COLLATE=utf8mb4_unicode_ci;

-- ----------------------------
--  Records of `coupon_codes`
-- ----------------------------
BEGIN;
INSERT INTO `coupon_codes` VALUES ('1', 'officiis odio qui', 'HQGOIGEF1EE6ZKHF', 'percent', '50.00', '1000', '3', '0.00', null, null, '1', '2019-05-01 10:44:57', '2019-05-01 10:44:57'), ('2', 'nemo delectus fugiat', 'MH7M781VTWRII3ZA', 'percent', '32.00', '1000', '1', '0.00', null, null, '1', '2019-05-01 10:44:57', '2019-05-01 10:44:57'), ('3', 'et molestiae porro', 'UXFSFTKEKVUPJUQF', 'percent', '35.00', '1000', '3', '0.00', null, null, '1', '2019-05-01 10:44:57', '2019-05-01 10:44:57'), ('4', 'quod dicta sit', 'TCDKLSOJHXCJ8XXP', 'percent', '48.00', '1000', '2', '0.00', null, null, '1', '2019-05-01 10:44:57', '2019-05-01 10:44:57'), ('5', 'sunt rerum consequuntur', 'GK7D2P7XMPKQUV4B', 'fixed', '153.00', '1000', '0', '153.01', null, null, '1', '2019-05-01 10:44:57', '2019-05-01 10:44:57'), ('6', 'qui eum aut', 'MV7BGRW3OTEWHJYS', 'percent', '34.00', '1000', '2', '0.00', null, null, '1', '2019-05-01 10:44:57', '2019-05-01 10:44:57'), ('7', 'aut ducimus nemo', 'I0U3TJSRVCSI0MPZ', 'fixed', '109.00', '1000', '0', '109.01', null, null, '1', '2019-05-01 10:44:57', '2019-05-01 10:44:57'), ('8', 'molestias eaque tempora', 'ZQI6HFLQFRCOYB9C', 'fixed', '176.00', '1000', '0', '176.01', null, null, '1', '2019-05-01 10:44:57', '2019-05-01 10:44:57'), ('9', 'earum nobis quas', 'TDNVZ9YNALSQZ6NR', 'fixed', '71.00', '1000', '0', '71.01', null, null, '1', '2019-05-01 10:44:57', '2019-05-01 10:44:57'), ('10', 'voluptatibus impedit qui', 'PBHBKLBVKZBYQMWA', 'percent', '38.00', '1000', '2', '0.00', null, null, '1', '2019-05-01 10:44:57', '2019-05-01 10:44:57'), ('11', 'tempora molestiae nostrum', 'PZXXVUOKN2GIIMN2', 'fixed', '31.00', '1000', '0', '31.01', null, null, '1', '2019-05-01 10:44:57', '2019-05-01 10:44:57'), ('12', 'amet omnis ut', 'GSU49AZC274RCUKM', 'fixed', '27.00', '1000', '0', '27.01', null, null, '1', '2019-05-01 10:44:57', '2019-05-01 10:44:57'), ('13', 'et est repellendus', 'V05B2NCZO2B3PJI7', 'fixed', '147.00', '1000', '0', '147.01', null, null, '1', '2019-05-01 10:44:57', '2019-05-01 10:44:57'), ('14', 'quibusdam architecto ducimus', 'XTDSKCO1P9LOULB9', 'percent', '43.00', '1000', '3', '0.00', null, null, '1', '2019-05-01 10:44:57', '2019-05-01 10:44:57'), ('15', 'voluptate tenetur asperiores', 'YW4IAJQFWLJZX7JD', 'percent', '40.00', '1000', '2', '0.00', null, null, '1', '2019-05-01 10:44:57', '2019-05-01 10:44:57'), ('16', 'dolores quae illum', 'WUGYFSSJD2SMCIBM', 'percent', '42.00', '1000', '4', '0.00', null, null, '1', '2019-05-01 10:44:57', '2019-05-01 10:44:57'), ('17', 'alias praesentium optio', 'AECRMQ8GLIJWVJ1J', 'fixed', '113.00', '1000', '0', '113.01', null, null, '1', '2019-05-01 10:44:57', '2019-05-01 10:44:57'), ('18', 'ut iusto quae', '1F5OIIGCQZE20IQJ', 'fixed', '30.00', '1000', '0', '30.01', null, null, '1', '2019-05-01 10:44:57', '2019-05-01 10:44:57'), ('19', 'quia est distinctio', '6A3S6ODRY40ERKEE', 'percent', '36.00', '1000', '6', '0.00', null, null, '1', '2019-05-01 10:44:57', '2019-05-01 10:44:57'), ('20', 'maxime eos laboriosam', 'LSMKVN2SMULSHWNL', 'fixed', '78.00', '1000', '0', '78.01', null, null, '1', '2019-05-01 10:44:57', '2019-05-01 10:44:57');
COMMIT;

-- ----------------------------
--  Table structure for `crowdfunding_products`
-- ----------------------------
DROP TABLE IF EXISTS `crowdfunding_products`;
CREATE TABLE `crowdfunding_products` (
  `id` int(10) unsigned NOT NULL AUTO_INCREMENT COMMENT '主键ID',
  `product_id` int(10) unsigned NOT NULL DEFAULT '0' COMMENT '商品ID',
  `target_amount` decimal(10,2) NOT NULL COMMENT '众筹目标金额	',
  `total_amount` decimal(10,2) NOT NULL DEFAULT '0.00' COMMENT '当前已筹金额',
  `user_count` int(10) unsigned NOT NULL DEFAULT '0' COMMENT '当前参与众筹用户数',
  `end_at` datetime NOT NULL COMMENT '众筹结束时间',
  `status` varchar(255) COLLATE utf8mb4_unicode_ci NOT NULL DEFAULT 'funding' COMMENT '当前筹款状态',
  `created_at` timestamp NOT NULL DEFAULT CURRENT_TIMESTAMP COMMENT '创建时间',
  `updated_at` timestamp NOT NULL DEFAULT CURRENT_TIMESTAMP ON UPDATE CURRENT_TIMESTAMP COMMENT '更新时间',
  PRIMARY KEY (`id`),
  KEY `crowdfunding_products_product_id_foreign` (`product_id`),
  CONSTRAINT `crowdfunding_products_product_id_foreign` FOREIGN KEY (`product_id`) REFERENCES `products` (`id`) ON DELETE CASCADE
) ENGINE=InnoDB DEFAULT CHARSET=utf8mb4 COLLATE=utf8mb4_unicode_ci COMMENT='众筹商品表';

-- ----------------------------
--  Table structure for `migrations`
-- ----------------------------
DROP TABLE IF EXISTS `migrations`;
CREATE TABLE `migrations` (
  `id` int(10) unsigned NOT NULL AUTO_INCREMENT,
  `migration` varchar(255) COLLATE utf8mb4_unicode_ci NOT NULL,
  `batch` int(11) NOT NULL,
  PRIMARY KEY (`id`)
) ENGINE=InnoDB AUTO_INCREMENT=37 DEFAULT CHARSET=utf8mb4 COLLATE=utf8mb4_unicode_ci;

-- ----------------------------
--  Records of `migrations`
-- ----------------------------
BEGIN;
INSERT INTO `migrations` VALUES ('1', '2014_10_12_000000_create_users_table', '1'), ('2', '2014_10_12_100000_create_password_resets_table', '1'), ('3', '2016_01_04_173148_create_admin_tables', '1'), ('4', '2018_06_11_085012_users_add_email_verified', '1'), ('5', '2018_06_11_090519_create_user_addresses_table', '1'), ('8', '2018_06_11_100605_create_user_favorite_products_table', '1'), ('9', '2018_06_11_100849_create_cart_items_table', '1'), ('10', '2018_06_11_102325_create_orders_table', '1'), ('11', '2018_06_11_102339_create_order_items_table', '1'), ('12', '2018_06_12_040849_create_coupon_codes_table', '1'), ('13', '2018_06_12_040935_orders_add_coupon_code_id', '1'), ('15', '2019_05_02_094525_create_categories_table', '2'), ('16', '2019_05_02_214656_create_attributes_table', '3'), ('19', '2019_05_06_170707_create_product_attributes_table', '3'), ('20', '2019_05_06_155338_create_products_table', '4'), ('21', '2019_05_06_165012_create_product_skus_table', '4'), ('32', '2019_05_07_094729_categories_add_level_path_level_is_directory', '5'), ('33', '2019_05_07_105948_products_add_long_title', '5'), ('34', '2019_05_09_144030_create_crowdfunding_products_table', '5'), ('35', '2019_05_09_145344_products_add_type', '1'), ('36', '2019_05_09_180229_create_seckill_products_table', '6');
COMMIT;

-- ----------------------------
--  Table structure for `order_items`
-- ----------------------------
DROP TABLE IF EXISTS `order_items`;
CREATE TABLE `order_items` (
  `id` int(10) unsigned NOT NULL AUTO_INCREMENT,
  `order_id` int(10) unsigned NOT NULL,
  `product_id` int(10) unsigned NOT NULL,
  `product_sku_id` int(10) unsigned NOT NULL,
  `amount` int(10) unsigned NOT NULL,
  `price` decimal(10,2) NOT NULL,
  `rating` int(10) unsigned DEFAULT NULL,
  `review` text COLLATE utf8mb4_unicode_ci,
  `reviewed_at` timestamp NULL DEFAULT NULL,
  PRIMARY KEY (`id`),
  KEY `order_items_order_id_foreign` (`order_id`),
  KEY `order_items_product_id_foreign` (`product_id`),
  KEY `order_items_product_sku_id_foreign` (`product_sku_id`),
  CONSTRAINT `order_items_order_id_foreign` FOREIGN KEY (`order_id`) REFERENCES `orders` (`id`) ON DELETE CASCADE,
  CONSTRAINT `order_items_product_id_foreign` FOREIGN KEY (`product_id`) REFERENCES `products` (`id`) ON DELETE CASCADE,
  CONSTRAINT `order_items_product_sku_id_foreign` FOREIGN KEY (`product_sku_id`) REFERENCES `product_skus` (`id`) ON DELETE CASCADE
) ENGINE=InnoDB AUTO_INCREMENT=203 DEFAULT CHARSET=utf8mb4 COLLATE=utf8mb4_unicode_ci;

-- ----------------------------
--  Records of `order_items`
-- ----------------------------
BEGIN;
INSERT INTO `order_items` VALUES ('1', '1', '4', '12', '5', '4246.00', '1', 'Velit qui assumenda totam asperiores.', '2019-04-19 11:26:42'), ('2', '1', '10', '28', '3', '4739.00', '1', 'Velit qui assumenda totam asperiores.', '2019-04-19 11:26:42'), ('3', '1', '23', '68', '3', '7402.00', '1', 'Velit qui assumenda totam asperiores.', '2019-04-19 11:26:42'), ('4', '2', '25', '75', '2', '6055.00', '4', 'Sunt praesentium dignissimos odio enim sint exercitationem esse aperiam.', '2019-05-01 06:34:52'), ('5', '2', '13', '38', '2', '4840.00', '4', 'Sunt praesentium dignissimos odio enim sint exercitationem esse aperiam.', '2019-05-01 06:34:52'), ('6', '3', '8', '23', '3', '1827.00', '4', 'Voluptas voluptates aliquid est voluptatem temporibus.', '2019-04-26 04:15:01'), ('7', '3', '25', '75', '3', '6055.00', '4', 'Voluptas voluptates aliquid est voluptatem temporibus.', '2019-04-26 04:15:01'), ('8', '3', '28', '84', '5', '9369.00', '4', 'Voluptas voluptates aliquid est voluptatem temporibus.', '2019-04-26 04:15:01'), ('9', '4', '25', '75', '5', '6055.00', '4', 'Officiis nemo quo reiciendis et vitae.', '2019-04-06 12:41:39'), ('11', '5', '13', '37', '2', '2604.00', null, null, null), ('12', '5', '19', '57', '1', '5015.00', null, null, null), ('13', '6', '8', '23', '3', '1827.00', '3', 'Ut sint illum consequuntur consequatur maxime.', '2019-04-19 18:33:01'), ('14', '6', '3', '9', '3', '7403.00', '3', 'Ut sint illum consequuntur consequatur maxime.', '2019-04-19 18:33:01'), ('15', '6', '13', '37', '2', '2604.00', '3', 'Ut sint illum consequuntur consequatur maxime.', '2019-04-19 18:33:01'), ('17', '7', '4', '11', '5', '6824.00', '3', 'Incidunt rem quod optio qui quos enim.', '2019-04-30 23:49:08'), ('18', '7', '20', '60', '1', '736.00', '3', 'Incidunt rem quod optio qui quos enim.', '2019-04-30 23:49:08'), ('19', '8', '27', '80', '2', '2738.00', '1', 'Velit qui consequuntur est perspiciatis.', '2019-04-30 16:54:04'), ('21', '9', '24', '71', '2', '5111.00', '1', 'Delectus explicabo vel quae non modi voluptate.', '2019-04-15 08:48:12'), ('22', '10', '15', '45', '4', '4219.00', '4', 'Voluptas sit aut rerum.', '2019-04-23 23:06:12'), ('23', '10', '4', '11', '5', '6824.00', '4', 'Voluptas sit aut rerum.', '2019-04-23 23:06:12'), ('24', '11', '21', '61', '2', '6267.00', '1', 'Ut vel perspiciatis ipsum magni est ut.', '2019-04-28 02:53:58'), ('25', '11', '15', '43', '3', '4274.00', '1', 'Ut vel perspiciatis ipsum magni est ut.', '2019-04-28 02:53:58'), ('26', '11', '22', '65', '2', '6935.00', '1', 'Ut vel perspiciatis ipsum magni est ut.', '2019-04-28 02:53:58'), ('27', '12', '27', '80', '3', '2738.00', '2', 'Asperiores alias saepe et voluptatem.', '2019-04-20 10:15:30'), ('28', '12', '24', '70', '4', '4573.00', '2', 'Asperiores alias saepe et voluptatem.', '2019-04-20 10:15:30'), ('29', '13', '26', '77', '3', '2108.00', '2', 'Provident corrupti sed et odio voluptas et.', '2019-04-22 03:41:01'), ('30', '13', '3', '8', '3', '6008.00', '2', 'Provident corrupti sed et odio voluptas et.', '2019-04-22 03:41:01'), ('31', '14', '20', '58', '1', '4871.00', '3', 'Et vel libero voluptas itaque odit nisi.', '2019-04-13 22:48:35'), ('32', '14', '13', '38', '2', '4840.00', '3', 'Et vel libero voluptas itaque odit nisi.', '2019-04-13 22:48:35'), ('33', '15', '11', '33', '1', '4686.00', '4', 'Laudantium odit eveniet quia in quos quia assumenda.', '2019-04-22 04:59:53'), ('34', '16', '30', '88', '3', '1399.00', '2', 'Esse est nemo similique optio labore ab qui voluptates.', '2019-04-14 01:16:01'), ('35', '16', '4', '12', '5', '4246.00', '2', 'Esse est nemo similique optio labore ab qui voluptates.', '2019-04-14 01:16:01'), ('36', '16', '10', '29', '5', '7304.00', '2', 'Esse est nemo similique optio labore ab qui voluptates.', '2019-04-14 01:16:01'), ('37', '17', '24', '70', '5', '4573.00', '4', 'Quasi eum doloremque ullam dignissimos.', '2019-04-09 10:18:54'), ('38', '18', '27', '81', '1', '9288.00', '5', 'Id et et vel alias autem maxime recusandae.', '2019-04-15 05:41:01'), ('39', '18', '15', '43', '5', '4274.00', '5', 'Id et et vel alias autem maxime recusandae.', '2019-04-15 05:41:01'), ('40', '18', '25', '74', '2', '3937.00', '5', 'Id et et vel alias autem maxime recusandae.', '2019-04-15 05:41:01'), ('41', '19', '17', '49', '1', '2069.00', '1', 'Ad officiis rerum ut perferendis et perferendis sint consequatur.', '2019-04-28 18:05:02'), ('42', '19', '26', '77', '1', '2108.00', '1', 'Ad officiis rerum ut perferendis et perferendis sint consequatur.', '2019-04-28 18:05:02'), ('43', '20', '17', '51', '5', '5886.00', '3', 'Id eos atque sit aspernatur.', '2019-05-01 03:15:18'), ('44', '21', '23', '69', '2', '942.00', '4', 'Sit nostrum omnis laudantium modi nihil perspiciatis.', '2019-04-30 21:51:31'), ('45', '21', '16', '46', '5', '1544.00', '4', 'Sit nostrum omnis laudantium modi nihil perspiciatis.', '2019-04-30 21:51:31'), ('47', '22', '26', '78', '3', '9346.00', '5', 'Autem et consequuntur adipisci ex et veniam.', '2019-04-21 14:43:30'), ('48', '22', '6', '18', '5', '9848.00', '5', 'Autem et consequuntur adipisci ex et veniam.', '2019-04-21 14:43:30'), ('49', '23', '24', '71', '1', '5111.00', '5', 'Vel unde est dolorem explicabo corrupti autem.', '2019-04-27 03:56:58'), ('50', '24', '5', '15', '4', '8468.00', '2', 'Laborum doloremque modi magnam accusantium.', '2019-05-01 06:11:33'), ('51', '24', '20', '60', '5', '736.00', '2', 'Laborum doloremque modi magnam accusantium.', '2019-05-01 06:11:33'), ('52', '24', '11', '32', '1', '3191.00', '2', 'Laborum doloremque modi magnam accusantium.', '2019-05-01 06:11:33'), ('53', '25', '5', '13', '3', '9971.00', '4', 'Accusantium consequatur dicta labore asperiores harum minus ex.', '2019-04-09 19:54:29'), ('54', '26', '14', '42', '3', '7538.00', '3', 'Nulla qui omnis enim molestiae.', '2019-04-30 05:53:05'), ('55', '27', '15', '43', '1', '4274.00', '5', 'Dolores illum id et vel ratione non.', '2019-04-22 04:48:54'), ('56', '27', '24', '72', '1', '4410.00', '5', 'Dolores illum id et vel ratione non.', '2019-04-22 04:48:54'), ('57', '28', '13', '39', '3', '5373.00', '1', 'Enim sint eaque qui.', '2019-04-28 18:33:45'), ('58', '28', '16', '47', '3', '2526.00', '1', 'Enim sint eaque qui.', '2019-04-28 18:33:45'), ('59', '28', '13', '37', '1', '2604.00', '1', 'Enim sint eaque qui.', '2019-04-28 18:33:45'), ('60', '29', '19', '57', '3', '5015.00', '3', 'Dicta dicta quis voluptatem quae qui culpa.', '2019-04-29 21:55:10'), ('61', '29', '3', '7', '5', '3633.00', '3', 'Dicta dicta quis voluptatem quae qui culpa.', '2019-04-29 21:55:10'), ('62', '30', '26', '77', '3', '2108.00', null, null, null), ('63', '31', '15', '44', '4', '8780.00', '2', 'Ducimus quidem quidem ipsam molestiae id.', '2019-04-28 06:42:46'), ('64', '31', '26', '76', '2', '6852.00', '2', 'Ducimus quidem quidem ipsam molestiae id.', '2019-04-28 06:42:46'), ('65', '32', '11', '32', '2', '3191.00', '5', 'Voluptatum at deleniti odit in.', '2019-04-30 23:14:58'), ('66', '33', '13', '38', '2', '4840.00', '2', 'Ipsa sit a mollitia qui omnis et.', '2019-04-26 18:14:41'), ('68', '34', '13', '39', '1', '5373.00', '3', 'Quasi ratione voluptatem consequatur ea voluptatem.', '2019-04-19 13:43:03'), ('69', '34', '29', '85', '4', '8194.00', '3', 'Quasi ratione voluptatem consequatur ea voluptatem.', '2019-04-19 13:43:03'), ('70', '35', '26', '76', '3', '6852.00', null, null, null), ('71', '36', '27', '81', '2', '9288.00', '1', 'Sit voluptas quia saepe qui.', '2019-04-29 09:57:39'), ('72', '36', '16', '47', '5', '2526.00', '1', 'Sit voluptas quia saepe qui.', '2019-04-29 09:57:39'), ('73', '37', '11', '33', '3', '4686.00', '5', 'Blanditiis similique natus quos voluptates modi sed.', '2019-04-19 06:20:56'), ('74', '37', '3', '9', '5', '7403.00', '5', 'Blanditiis similique natus quos voluptates modi sed.', '2019-04-19 06:20:56'), ('75', '37', '6', '18', '3', '9848.00', '5', 'Blanditiis similique natus quos voluptates modi sed.', '2019-04-19 06:20:56'), ('76', '38', '9', '25', '5', '3530.00', null, null, null), ('77', '39', '3', '9', '4', '7403.00', '5', 'Ut necessitatibus repudiandae sed enim quisquam odit totam est.', '2019-04-29 14:51:41'), ('78', '39', '3', '9', '5', '7403.00', '5', 'Ut necessitatibus repudiandae sed enim quisquam odit totam est.', '2019-04-29 14:51:41'), ('79', '39', '28', '83', '2', '4211.00', '5', 'Ut necessitatibus repudiandae sed enim quisquam odit totam est.', '2019-04-29 14:51:41'), ('80', '40', '25', '73', '2', '6482.00', '1', 'Quis earum laborum esse et quibusdam consequatur.', '2019-04-09 12:01:30'), ('81', '40', '21', '61', '1', '6267.00', '1', 'Quis earum laborum esse et quibusdam consequatur.', '2019-04-09 12:01:30'), ('82', '40', '19', '55', '2', '9429.00', '1', 'Quis earum laborum esse et quibusdam consequatur.', '2019-04-09 12:01:30'), ('83', '41', '9', '27', '5', '2812.00', null, null, null), ('84', '41', '9', '25', '5', '3530.00', null, null, null), ('85', '42', '28', '83', '5', '4211.00', '3', 'Fugiat a quas mollitia qui.', '2019-04-30 07:42:41'), ('87', '42', '24', '70', '3', '4573.00', '3', 'Fugiat a quas mollitia qui.', '2019-04-30 07:42:41'), ('88', '43', '22', '64', '4', '116.00', null, null, null), ('89', '43', '25', '73', '4', '6482.00', null, null, null), ('90', '44', '25', '75', '3', '6055.00', '4', 'Sed quidem inventore dolores quasi ut voluptatem fugiat.', '2019-04-26 20:34:07'), ('91', '44', '4', '10', '1', '2606.00', '4', 'Sed quidem inventore dolores quasi ut voluptatem fugiat.', '2019-04-26 20:34:07'), ('92', '45', '14', '40', '5', '8154.00', '5', 'Consequatur distinctio voluptatem molestiae dolorum nihil facilis qui.', '2019-04-23 06:09:10'), ('93', '45', '8', '24', '4', '1295.00', '5', 'Consequatur distinctio voluptatem molestiae dolorum nihil facilis qui.', '2019-04-23 06:09:10'), ('94', '45', '19', '56', '2', '799.00', '5', 'Consequatur distinctio voluptatem molestiae dolorum nihil facilis qui.', '2019-04-23 06:09:10'), ('95', '46', '25', '74', '3', '3937.00', null, null, null), ('96', '46', '3', '9', '4', '7403.00', null, null, null), ('98', '47', '4', '11', '3', '6824.00', '2', 'Nemo quo earum eius modi animi.', '2019-04-11 05:17:10'), ('99', '47', '29', '85', '1', '8194.00', '2', 'Nemo quo earum eius modi animi.', '2019-04-11 05:17:10'), ('100', '48', '25', '74', '5', '3937.00', null, null, null), ('101', '49', '20', '59', '4', '8017.00', '2', 'Voluptatem nobis incidunt nisi eaque est repudiandae voluptate.', '2019-05-01 08:20:05'), ('102', '50', '17', '49', '3', '2069.00', '5', 'Quas aut minima qui adipisci dolorem similique vero.', '2019-04-13 01:48:55'), ('103', '50', '19', '55', '4', '9429.00', '5', 'Quas aut minima qui adipisci dolorem similique vero.', '2019-04-13 01:48:55'), ('104', '51', '24', '70', '3', '4573.00', '1', 'Aut harum fugiat quo ipsum et.', '2019-04-30 22:43:05'), ('105', '52', '26', '77', '5', '2108.00', '4', 'Labore libero sit illo voluptatem quidem.', '2019-04-30 08:28:01'), ('106', '52', '18', '52', '3', '4178.00', '4', 'Labore libero sit illo voluptatem quidem.', '2019-04-30 08:28:01'), ('107', '52', '3', '7', '1', '3633.00', '4', 'Labore libero sit illo voluptatem quidem.', '2019-04-30 08:28:01'), ('108', '53', '7', '19', '2', '3816.00', '4', 'Molestias autem quasi dolore.', '2019-04-27 19:25:40'), ('109', '54', '9', '27', '1', '2812.00', '1', 'Accusantium recusandae suscipit eum error.', '2019-04-13 05:03:06'), ('110', '55', '5', '14', '4', '1996.00', null, null, null), ('111', '56', '12', '34', '3', '4878.00', '1', 'Soluta corporis aliquam natus reiciendis doloribus.', '2019-04-15 19:58:42'), ('112', '56', '18', '52', '2', '4178.00', '1', 'Soluta corporis aliquam natus reiciendis doloribus.', '2019-04-15 19:58:42'), ('113', '56', '26', '77', '2', '2108.00', '1', 'Soluta corporis aliquam natus reiciendis doloribus.', '2019-04-15 19:58:42'), ('114', '57', '17', '50', '4', '302.00', '3', 'Accusantium doloremque magnam ut excepturi ut consectetur ut.', '2019-05-01 10:43:58'), ('115', '57', '6', '18', '4', '9848.00', '3', 'Accusantium doloremque magnam ut excepturi ut consectetur ut.', '2019-05-01 10:43:58'), ('116', '58', '16', '48', '2', '4961.00', '5', 'Illo quam quod laboriosam fugiat aut.', '2019-04-19 06:04:38'), ('117', '58', '23', '67', '3', '7381.00', '5', 'Illo quam quod laboriosam fugiat aut.', '2019-04-19 06:04:38'), ('118', '58', '22', '66', '3', '6740.00', '5', 'Illo quam quod laboriosam fugiat aut.', '2019-04-19 06:04:38'), ('119', '59', '12', '36', '5', '8732.00', '1', 'Iure voluptate et alias minima ducimus quia quam.', '2019-04-27 22:48:50'), ('120', '59', '3', '9', '2', '7403.00', '1', 'Iure voluptate et alias minima ducimus quia quam.', '2019-04-27 22:48:50'), ('122', '60', '17', '51', '4', '5886.00', '3', 'Dolorum maxime dolorum est aperiam exercitationem qui ut.', '2019-04-27 10:18:59'), ('123', '61', '17', '51', '4', '5886.00', '3', 'Et et possimus eveniet.', '2019-04-24 07:09:46'), ('124', '62', '5', '13', '5', '9971.00', '2', 'Praesentium dolores quo animi laboriosam.', '2019-04-29 06:38:03'), ('125', '62', '12', '36', '1', '8732.00', '2', 'Praesentium dolores quo animi laboriosam.', '2019-04-29 06:38:03'), ('126', '62', '16', '47', '5', '2526.00', '2', 'Praesentium dolores quo animi laboriosam.', '2019-04-29 06:38:03'), ('127', '63', '29', '87', '4', '9083.00', '2', 'Odit est mollitia molestias maxime.', '2019-04-25 18:50:28'), ('128', '63', '12', '34', '2', '4878.00', '2', 'Odit est mollitia molestias maxime.', '2019-04-25 18:50:28'), ('129', '64', '9', '25', '3', '3530.00', '5', 'Vero voluptas atque ut nostrum nemo minus nisi.', '2019-04-23 22:57:57'), ('130', '65', '28', '82', '3', '8347.00', '3', 'Alias adipisci animi sunt aut aliquam quasi qui.', '2019-04-28 02:32:49'), ('131', '65', '26', '78', '2', '9346.00', '3', 'Alias adipisci animi sunt aut aliquam quasi qui.', '2019-04-28 02:32:49'), ('132', '66', '11', '31', '2', '6419.00', null, null, null), ('133', '66', '17', '51', '3', '5886.00', null, null, null), ('134', '67', '19', '56', '1', '799.00', '1', 'Ex voluptas aut mollitia est perspiciatis ut.', '2019-04-24 06:14:37'), ('136', '68', '8', '22', '2', '3936.00', '2', 'Rerum tempora totam impedit ut eum fuga est.', '2019-04-26 21:38:41'), ('137', '69', '28', '82', '4', '8347.00', '2', 'Fugiat omnis fugiat dignissimos.', '2019-04-27 07:10:37'), ('138', '70', '19', '57', '4', '5015.00', null, null, null), ('139', '71', '4', '11', '4', '6824.00', '3', 'Dolor voluptatem facere assumenda dolore aliquam.', '2019-04-29 23:42:38'), ('140', '71', '14', '40', '4', '8154.00', '3', 'Dolor voluptatem facere assumenda dolore aliquam.', '2019-04-29 23:42:38'), ('141', '71', '27', '81', '2', '9288.00', '3', 'Dolor voluptatem facere assumenda dolore aliquam.', '2019-04-29 23:42:38'), ('142', '72', '26', '76', '5', '6852.00', null, null, null), ('143', '72', '8', '23', '5', '1827.00', null, null, null), ('144', '73', '18', '52', '5', '4178.00', '5', 'Fugiat consequatur vel a cumque est quibusdam praesentium maxime.', '2019-04-27 23:44:21'), ('145', '73', '26', '76', '1', '6852.00', '5', 'Fugiat consequatur vel a cumque est quibusdam praesentium maxime.', '2019-04-27 23:44:21'), ('146', '74', '15', '43', '4', '4274.00', '2', 'Cumque natus qui sint suscipit.', '2019-04-30 19:44:49'), ('147', '75', '26', '76', '2', '6852.00', '2', 'Odit culpa itaque rerum omnis.', '2019-04-30 10:33:08'), ('148', '75', '27', '81', '4', '9288.00', '2', 'Odit culpa itaque rerum omnis.', '2019-04-30 10:33:08'), ('149', '75', '9', '26', '5', '5644.00', '2', 'Odit culpa itaque rerum omnis.', '2019-04-30 10:33:08'), ('150', '76', '22', '64', '3', '116.00', '3', 'Sit dolore ex saepe molestiae quasi.', '2019-04-11 15:19:15'), ('151', '76', '9', '27', '1', '2812.00', '3', 'Sit dolore ex saepe molestiae quasi.', '2019-04-11 15:19:15'), ('153', '78', '18', '54', '3', '8475.00', null, null, null), ('154', '78', '5', '15', '4', '8468.00', null, null, null), ('155', '78', '25', '75', '4', '6055.00', null, null, null), ('156', '79', '8', '22', '5', '3936.00', null, null, null), ('157', '79', '16', '47', '4', '2526.00', null, null, null), ('159', '81', '9', '27', '4', '2812.00', null, null, null), ('160', '81', '21', '63', '3', '4362.00', null, null, null), ('161', '81', '22', '65', '5', '6935.00', null, null, null), ('163', '83', '27', '79', '3', '4580.00', '1', 'Nemo et dolores eius similique et et praesentium.', '2019-04-28 22:49:27'), ('164', '83', '9', '26', '4', '5644.00', '1', 'Nemo et dolores eius similique et et praesentium.', '2019-04-28 22:49:27'), ('165', '83', '10', '30', '5', '829.00', '1', 'Nemo et dolores eius similique et et praesentium.', '2019-04-28 22:49:27'), ('166', '84', '17', '51', '3', '5886.00', null, null, null), ('167', '85', '15', '43', '1', '4274.00', '2', 'Dolorem esse nulla quia sed ex aut ipsa recusandae.', '2019-04-30 20:48:46'), ('168', '85', '21', '62', '1', '1961.00', '2', 'Dolorem esse nulla quia sed ex aut ipsa recusandae.', '2019-04-30 20:48:46'), ('169', '85', '28', '84', '1', '9369.00', '2', 'Dolorem esse nulla quia sed ex aut ipsa recusandae.', '2019-04-30 20:48:46'), ('171', '86', '16', '48', '5', '4961.00', '5', 'Beatae aut officiis consectetur.', '2019-05-01 10:29:51'), ('172', '86', '12', '36', '3', '8732.00', '5', 'Beatae aut officiis consectetur.', '2019-05-01 10:29:51'), ('173', '87', '28', '83', '2', '4211.00', null, null, null), ('174', '87', '7', '20', '3', '7842.00', null, null, null), ('175', '87', '24', '72', '5', '4410.00', null, null, null), ('176', '88', '15', '45', '2', '4219.00', '4', 'Voluptatem adipisci deserunt quas.', '2019-04-25 08:06:53'), ('177', '88', '15', '44', '5', '8780.00', '4', 'Voluptatem adipisci deserunt quas.', '2019-04-25 08:06:53'), ('178', '89', '23', '69', '4', '942.00', '4', 'Minima consectetur et laudantium veniam ex.', '2019-04-07 08:29:45'), ('179', '90', '29', '86', '5', '2534.00', '4', 'Omnis et id quo magnam.', '2019-05-01 02:55:50'), ('180', '91', '10', '30', '4', '829.00', '3', 'Labore quo cumque vero cum qui praesentium.', '2019-04-11 12:18:32'), ('181', '92', '15', '43', '2', '4274.00', '2', 'Nesciunt amet blanditiis natus asperiores sit.', '2019-04-26 09:34:51'), ('182', '92', '12', '36', '1', '8732.00', '2', 'Nesciunt amet blanditiis natus asperiores sit.', '2019-04-26 09:34:51'), ('183', '93', '18', '53', '5', '6104.00', null, null, null), ('184', '93', '16', '46', '5', '1544.00', null, null, null), ('185', '94', '15', '45', '5', '4219.00', null, null, null), ('186', '94', '6', '17', '3', '5685.00', null, null, null), ('187', '95', '17', '51', '4', '5886.00', null, null, null), ('188', '95', '20', '59', '4', '8017.00', null, null, null), ('189', '95', '19', '57', '3', '5015.00', null, null, null), ('190', '96', '17', '49', '1', '2069.00', null, null, null), ('191', '96', '12', '34', '3', '4878.00', null, null, null), ('192', '96', '20', '58', '2', '4871.00', null, null, null), ('193', '97', '18', '53', '1', '6104.00', '2', 'Doloremque ea repudiandae ea hic et blanditiis aut.', '2019-04-26 08:39:32'), ('194', '97', '10', '29', '5', '7304.00', '2', 'Doloremque ea repudiandae ea hic et blanditiis aut.', '2019-04-26 08:39:32'), ('195', '97', '4', '12', '4', '4246.00', '2', 'Doloremque ea repudiandae ea hic et blanditiis aut.', '2019-04-26 08:39:32'), ('196', '98', '20', '60', '2', '736.00', null, null, null), ('197', '99', '11', '32', '3', '3191.00', '4', 'Quibusdam est laborum totam similique et a.', '2019-04-12 15:01:04'), ('198', '99', '19', '55', '2', '9429.00', '4', 'Quibusdam est laborum totam similique et a.', '2019-04-12 15:01:04'), ('199', '99', '23', '67', '3', '7381.00', '4', 'Quibusdam est laborum totam similique et a.', '2019-04-12 15:01:04'), ('200', '100', '26', '78', '5', '9346.00', '2', 'Nihil dolor quam tenetur ut.', '2019-04-18 03:09:16'), ('201', '100', '5', '14', '1', '1996.00', '2', 'Nihil dolor quam tenetur ut.', '2019-04-18 03:09:16'), ('202', '101', '19', '56', '1', '1729.00', null, null, null);
COMMIT;

-- ----------------------------
--  Table structure for `orders`
-- ----------------------------
DROP TABLE IF EXISTS `orders`;
CREATE TABLE `orders` (
  `id` int(10) unsigned NOT NULL AUTO_INCREMENT,
  `no` varchar(255) COLLATE utf8mb4_unicode_ci NOT NULL,
  `user_id` int(10) unsigned NOT NULL,
  `address` text COLLATE utf8mb4_unicode_ci NOT NULL,
  `total_amount` decimal(8,2) NOT NULL,
  `remark` text COLLATE utf8mb4_unicode_ci,
  `paid_at` datetime DEFAULT NULL,
  `coupon_code_id` int(10) unsigned DEFAULT NULL,
  `payment_method` varchar(255) COLLATE utf8mb4_unicode_ci DEFAULT NULL,
  `payment_no` varchar(255) COLLATE utf8mb4_unicode_ci DEFAULT NULL,
  `refund_status` varchar(255) COLLATE utf8mb4_unicode_ci NOT NULL DEFAULT 'pending',
  `refund_no` varchar(255) COLLATE utf8mb4_unicode_ci DEFAULT NULL,
  `closed` tinyint(1) NOT NULL DEFAULT '0',
  `reviewed` tinyint(1) NOT NULL DEFAULT '0',
  `ship_status` varchar(255) COLLATE utf8mb4_unicode_ci NOT NULL DEFAULT 'pending',
  `ship_data` text COLLATE utf8mb4_unicode_ci,
  `extra` text COLLATE utf8mb4_unicode_ci,
  `created_at` timestamp NULL DEFAULT NULL,
  `updated_at` timestamp NULL DEFAULT NULL,
  PRIMARY KEY (`id`),
  UNIQUE KEY `orders_no_unique` (`no`),
  KEY `orders_user_id_foreign` (`user_id`),
  KEY `orders_coupon_code_id_foreign` (`coupon_code_id`),
  CONSTRAINT `orders_coupon_code_id_foreign` FOREIGN KEY (`coupon_code_id`) REFERENCES `coupon_codes` (`id`) ON DELETE SET NULL,
  CONSTRAINT `orders_user_id_foreign` FOREIGN KEY (`user_id`) REFERENCES `users` (`id`) ON DELETE CASCADE
) ENGINE=InnoDB AUTO_INCREMENT=102 DEFAULT CHARSET=utf8mb4 COLLATE=utf8mb4_unicode_ci;

-- ----------------------------
--  Records of `orders`
-- ----------------------------
BEGIN;
INSERT INTO `orders` VALUES ('1', '20190501104457944662', '23', '{\"address\":\"\\u6cb3\\u5317\\u7701\\u77f3\\u5bb6\\u5e84\\u5e02\\u957f\\u5b89\\u533a\\u7b2c10\\u8857\\u9053\\u7b2c215\\u53f7\",\"zip\":566700,\"contact_name\":\"\\u4e07\\u7389\\u82f1\",\"contact_phone\":\"17096408808\"}', '57653.00', 'Quaerat perferendis voluptas animi quae ipsum.', '2019-04-10 20:23:56', null, 'alipay', 'ec56734e-d556-3bc5-8711-e3c781b11b15', 'pending', null, '0', '1', 'delivered', '{\"express_company\":\"\\u51cc\\u4e91\\u4fe1\\u606f\\u6709\\u9650\\u516c\\u53f8\",\"express_no\":\"7147cebe-a379-32f0-a377-18ad4d5287b3\"}', '[]', '2019-05-01 10:44:57', '2019-05-01 10:44:57'), ('2', '20190501104457855381', '17', '{\"address\":\"\\u6cb3\\u5317\\u7701\\u77f3\\u5bb6\\u5e84\\u5e02\\u957f\\u5b89\\u533a\\u7b2c64\\u8857\\u9053\\u7b2c469\\u53f7\",\"zip\":678200,\"contact_name\":\"\\u5201\\u677e\",\"contact_phone\":\"13484081102\"}', '21790.00', 'Eius quaerat nihil inventore quaerat.', '2019-04-30 07:46:17', null, 'wechat', 'd5c09189-2c77-3079-b963-8789b4aa09df', 'pending', null, '0', '1', 'delivered', '{\"express_company\":\"\\u6656\\u6765\\u8ba1\\u7b97\\u673a\\u7f51\\u7edc\\u6709\\u9650\\u516c\\u53f8\",\"express_no\":\"a8239aae-974a-3ae7-be7a-8929594e1f84\"}', '[]', '2019-05-01 10:44:57', '2019-05-01 10:44:57'), ('3', '20190501104457691559', '18', '{\"address\":\"\\u6c5f\\u82cf\\u7701\\u5357\\u4eac\\u5e02\\u6d66\\u53e3\\u533a\\u7b2c34\\u8857\\u9053\\u7b2c360\\u53f7\",\"zip\":807300,\"contact_name\":\"\\u6cbf\\u840d\",\"contact_phone\":\"18522827082\"}', '70491.00', 'Veritatis quaerat neque deserunt et aperiam occaecati qui rem.', '2019-04-22 04:52:31', null, 'alipay', '74ebeab5-b4bd-327d-b043-d1e53bc833f5', 'pending', null, '0', '1', 'pending', null, '[]', '2019-05-01 10:44:57', '2019-05-01 10:44:57'), ('4', '20190501104457215031', '93', '{\"address\":\"\\u5317\\u4eac\\u5e02\\u5e02\\u8f96\\u533a\\u4e1c\\u57ce\\u533a\\u7b2c8\\u8857\\u9053\\u7b2c125\\u53f7\",\"zip\":501500,\"contact_name\":\"\\u8042\\u4e3d\\u4e3d\",\"contact_phone\":\"13297954583\"}', '37220.00', 'Officia a recusandae rerum neque minus qui aut.', '2019-04-06 08:58:32', null, 'alipay', '946082dc-5b06-38a9-8d52-124ab843c05b', 'pending', null, '0', '1', 'pending', null, '[]', '2019-05-01 10:44:57', '2019-05-01 10:44:57'), ('5', '20190501104457450281', '77', '{\"address\":\"\\u6cb3\\u5317\\u7701\\u77f3\\u5bb6\\u5e84\\u5e02\\u957f\\u5b89\\u533a\\u7b2c35\\u8857\\u9053\\u7b2c606\\u53f7\",\"zip\":25100,\"contact_name\":\"\\u9633\\u56fd\\u5e86\",\"contact_phone\":\"15049429758\"}', '10223.00', 'Eos odio corporis ab exercitationem.', '2019-04-25 22:44:49', null, 'wechat', 'c90a984e-fa9c-3776-bb90-a0aed17156a6', 'pending', null, '0', '0', 'received', '{\"express_company\":\"\\u548c\\u6cf0\\u79d1\\u6280\\u6709\\u9650\\u516c\\u53f8\",\"express_no\":\"81bdefc1-ad63-31db-9a1a-ea7c9c2934be\"}', '[]', '2019-05-01 10:44:57', '2019-05-01 10:44:57'), ('6', '20190501104457350145', '19', '{\"address\":\"\\u5e7f\\u4e1c\\u7701\\u6df1\\u5733\\u5e02\\u798f\\u7530\\u533a\\u7b2c5\\u8857\\u9053\\u7b2c812\\u53f7\",\"zip\":153300,\"contact_name\":\"\\u6768\\u5efa\\u56fd\",\"contact_phone\":\"13062155977\"}', '21712.68', 'Nemo qui rerum qui.', '2019-04-15 16:57:43', '6', 'alipay', 'a27a1e5a-e49d-3c33-9616-6f005e17dee6', 'pending', null, '0', '1', 'pending', null, '[]', '2019-05-01 10:44:57', '2019-05-01 10:44:57'), ('7', '20190501104457919334', '85', '{\"address\":\"\\u5317\\u4eac\\u5e02\\u5e02\\u8f96\\u533a\\u4e1c\\u57ce\\u533a\\u7b2c58\\u8857\\u9053\\u7b2c791\\u53f7\",\"zip\":262600,\"contact_name\":\"\\u67f3\\u4e39\",\"contact_phone\":\"14506420783\"}', '55709.00', 'In cumque maxime velit rem inventore atque.', '2019-04-29 00:31:31', null, 'wechat', '49b467c7-f66d-30a7-a66e-5ba4783b7fe3', 'pending', null, '0', '1', 'received', '{\"express_company\":\"\\u4f73\\u79be\\u4f20\\u5a92\\u6709\\u9650\\u516c\\u53f8\",\"express_no\":\"ca11acae-f2a9-3395-aeaf-40f5d3429a10\"}', '[]', '2019-05-01 10:44:57', '2019-05-01 10:44:57'), ('8', '20190501104457744031', '46', '{\"address\":\"\\u6c5f\\u82cf\\u7701\\u5357\\u4eac\\u5e02\\u6d66\\u53e3\\u533a\\u7b2c38\\u8857\\u9053\\u7b2c837\\u53f7\",\"zip\":447800,\"contact_name\":\"\\u8d56\\u7965\",\"contact_phone\":\"15094951537\"}', '3559.40', 'Impedit nulla quo dolorem corporis qui enim.', '2019-04-21 00:51:15', '3', 'alipay', '7ec0429d-f8ae-34ea-bc39-2d51d74cd5fa', 'pending', null, '0', '1', 'delivered', '{\"express_company\":\"\\u5170\\u91d1\\u7535\\u5b50\\u4f20\\u5a92\\u6709\\u9650\\u516c\\u53f8\",\"express_no\":\"0d9c467b-0ae3-31e0-b26d-396de3b30272\"}', '[]', '2019-05-01 10:44:57', '2019-05-01 10:44:57'), ('9', '20190501104457868416', '63', '{\"address\":\"\\u5e7f\\u4e1c\\u7701\\u6df1\\u5733\\u5e02\\u798f\\u7530\\u533a\\u7b2c87\\u8857\\u9053\\u7b2c718\\u53f7\",\"zip\":663200,\"contact_name\":\"\\u7533\\u5a1c\",\"contact_phone\":\"18531965993\"}', '13857.84', 'Est quisquam ut porro.', '2019-04-01 20:57:35', '14', 'wechat', '774c16df-3b41-388a-a4da-6b1a7e572019', 'pending', null, '0', '1', 'pending', null, '[]', '2019-05-01 10:44:57', '2019-05-01 10:44:57'), ('10', '20190501104457796578', '2', '{\"address\":\"\\u6c5f\\u82cf\\u7701\\u5357\\u4eac\\u5e02\\u6d66\\u53e3\\u533a\\u7b2c83\\u8857\\u9053\\u7b2c227\\u53f7\",\"zip\":588200,\"contact_name\":\"\\u76d6\\u5fd7\\u5f3a\",\"contact_phone\":\"15844652029\"}', '50996.00', 'Minima ut omnis iste placeat rerum.', '2019-04-12 15:53:50', null, 'wechat', '0db87140-812c-340b-a8a1-223ad1348dd8', 'pending', null, '0', '1', 'delivered', '{\"express_company\":\"\\u4e5d\\u65b9\\u4fe1\\u606f\\u6709\\u9650\\u516c\\u53f8\",\"express_no\":\"f0750de3-1424-324c-a38c-432e9696ca5c\"}', '[]', '2019-05-01 10:44:57', '2019-05-01 10:44:57'), ('11', '20190501104457628016', '79', '{\"address\":\"\\u6cb3\\u5317\\u7701\\u77f3\\u5bb6\\u5e84\\u5e02\\u957f\\u5b89\\u533a\\u7b2c46\\u8857\\u9053\\u7b2c863\\u53f7\",\"zip\":138700,\"contact_name\":\"\\u9648\\u5efa\\u534e\",\"contact_phone\":\"15901450568\"}', '39226.00', 'Est dolor rem tenetur aspernatur ratione iusto quia.', '2019-04-15 00:52:57', null, 'wechat', '9eccbdfb-072a-3ca9-a142-16ee5a51b8e7', 'pending', null, '0', '1', 'delivered', '{\"express_company\":\"\\u946b\\u535a\\u817e\\u98de\\u4f20\\u5a92\\u6709\\u9650\\u516c\\u53f8\",\"express_no\":\"ecb9aa51-f31b-3f82-827e-c5a7d4bfb278\"}', '[]', '2019-05-01 10:44:57', '2019-05-01 10:44:57'), ('12', '20190501104457842142', '5', '{\"address\":\"\\u6c5f\\u82cf\\u7701\\u82cf\\u5dde\\u5e02\\u76f8\\u57ce\\u533a\\u7b2c14\\u8857\\u9053\\u7b2c902\\u53f7\",\"zip\":192900,\"contact_name\":\"\\u82cf\\u5fd7\\u5f3a\",\"contact_phone\":\"18896254957\"}', '16433.72', 'Aut eum pariatur delectus itaque adipisci.', '2019-04-03 05:25:29', '10', 'alipay', '4f3b7938-a790-3d1a-8d92-2cfbadfdc845', 'pending', null, '0', '1', 'pending', null, '[]', '2019-05-01 10:44:57', '2019-05-01 10:44:57'), ('13', '20190501104457134872', '32', '{\"address\":\"\\u6c5f\\u82cf\\u7701\\u5357\\u4eac\\u5e02\\u6d66\\u53e3\\u533a\\u7b2c94\\u8857\\u9053\\u7b2c151\\u53f7\",\"zip\":588700,\"contact_name\":\"\\u4f0f\\u99a8\\u4e88\",\"contact_phone\":\"17189053234\"}', '24348.00', 'Officiis dolorem eos eum vel.', '2019-04-02 04:34:51', null, 'wechat', 'ece03138-9060-38a3-bdf6-5de1320232de', 'pending', null, '0', '1', 'delivered', '{\"express_company\":\"\\u5feb\\u8baf\\u79d1\\u6280\\u6709\\u9650\\u516c\\u53f8\",\"express_no\":\"00cccce1-1d23-3aec-86e8-51a44210d44a\"}', '[]', '2019-05-01 10:44:57', '2019-05-01 10:44:57'), ('14', '20190501104457130188', '79', '{\"address\":\"\\u6cb3\\u5317\\u7701\\u77f3\\u5bb6\\u5e84\\u5e02\\u957f\\u5b89\\u533a\\u7b2c46\\u8857\\u9053\\u7b2c863\\u53f7\",\"zip\":138700,\"contact_name\":\"\\u9648\\u5efa\\u534e\",\"contact_phone\":\"15901450568\"}', '14551.00', 'Aut molestiae quis consequatur ea ducimus est similique quam.', '2019-04-05 13:40:05', null, 'alipay', '3942279e-4a37-35cb-a763-93acb06ee0aa', 'pending', null, '0', '1', 'delivered', '{\"express_company\":\"\\u901a\\u9645\\u540d\\u8054\\u4f20\\u5a92\\u6709\\u9650\\u516c\\u53f8\",\"express_no\":\"81fbc471-790e-3240-8ea3-b79dc6c96623\"}', '[]', '2019-05-01 10:44:57', '2019-05-01 10:44:57'), ('15', '20190501104457679722', '1', '{\"address\":\"\\u5e7f\\u4e1c\\u7701\\u6df1\\u5733\\u5e02\\u798f\\u7530\\u533a\\u7b2c17\\u8857\\u9053\\u7b2c102\\u53f7\",\"zip\":518100,\"contact_name\":\"\\u5f20\\u5efa\\u56fd\",\"contact_phone\":\"14522123967\"}', '3092.76', 'Ipsum doloribus quia dolores.', '2019-04-13 17:34:30', '6', 'alipay', '476854e2-7bd1-3809-8bc6-e5a4c1da458d', 'success', '0b9c7a957f8e4522b375c559d5abab11', '0', '1', 'delivered', '{\"express_company\":\"\\u96e8\\u6797\\u6728\\u98ce\\u8ba1\\u7b97\\u673a\\u4fe1\\u606f\\u6709\\u9650\\u516c\\u53f8\",\"express_no\":\"fec001df-3da1-3909-92d3-43c1f2c02d74\"}', '{\"refund_reason\":\"Sapiente id eos ut aut minima et non dolorem.\"}', '2019-05-01 10:44:57', '2019-05-01 10:44:57'), ('16', '20190501104457014831', '24', '{\"address\":\"\\u6c5f\\u82cf\\u7701\\u82cf\\u5dde\\u5e02\\u76f8\\u57ce\\u533a\\u7b2c74\\u8857\\u9053\\u7b2c342\\u53f7\",\"zip\":34200,\"contact_name\":\"\\u5b89\\u6842\\u8363\",\"contact_phone\":\"17868074887\"}', '61947.00', 'Dolor corrupti qui quisquam sint.', '2019-04-12 23:50:25', null, 'alipay', '9fd5b24e-894b-3c35-8071-de3fffe4fdb4', 'pending', null, '0', '1', 'pending', null, '[]', '2019-05-01 10:44:57', '2019-05-01 10:44:57'), ('17', '20190501104457448183', '23', '{\"address\":\"\\u6cb3\\u5317\\u7701\\u77f3\\u5bb6\\u5e84\\u5e02\\u957f\\u5b89\\u533a\\u7b2c10\\u8857\\u9053\\u7b2c215\\u53f7\",\"zip\":566700,\"contact_name\":\"\\u4e07\\u7389\\u82f1\",\"contact_phone\":\"17096408808\"}', '11889.80', 'Ut sed provident et asperiores culpa ut accusantium.', '2019-04-07 12:52:47', '4', 'wechat', '531fe1d1-5683-378c-bf61-ce0b6af1be72', 'pending', null, '0', '1', 'received', '{\"express_company\":\"\\u56fe\\u9f99\\u4fe1\\u606f\\u4fe1\\u606f\\u6709\\u9650\\u516c\\u53f8\",\"express_no\":\"5969a17d-c07a-3334-91e7-51515bcf4bd3\"}', '[]', '2019-05-01 10:44:57', '2019-05-01 10:44:57'), ('18', '20190501104457987785', '45', '{\"address\":\"\\u5317\\u4eac\\u5e02\\u5e02\\u8f96\\u533a\\u4e1c\\u57ce\\u533a\\u7b2c8\\u8857\\u9053\\u7b2c812\\u53f7\",\"zip\":785400,\"contact_name\":\"\\u4e01\\u5b81\",\"contact_phone\":\"18132373924\"}', '38532.00', 'Aspernatur consequatur ab nostrum iure illo voluptatem ipsa.', '2019-04-12 03:42:02', null, 'wechat', '27b9e377-792c-3f6d-8fe4-21ba5ff640a0', 'pending', null, '0', '1', 'pending', null, '[]', '2019-05-01 10:44:57', '2019-05-01 10:44:57'), ('19', '20190501104457078244', '81', '{\"address\":\"\\u6cb3\\u5317\\u7701\\u77f3\\u5bb6\\u5e84\\u5e02\\u957f\\u5b89\\u533a\\u7b2c62\\u8857\\u9053\\u7b2c987\\u53f7\",\"zip\":307700,\"contact_name\":\"\\u960e\\u8d85\",\"contact_phone\":\"18657460236\"}', '4177.00', 'Maiores voluptatem aut porro nostrum autem nesciunt laborum.', '2019-04-13 21:40:50', null, 'wechat', '667f392d-db7a-3489-a8a1-41bb8a14c637', 'pending', null, '0', '1', 'delivered', '{\"express_company\":\"\\u9ec4\\u77f3\\u91d1\\u627f\\u4f20\\u5a92\\u6709\\u9650\\u516c\\u53f8\",\"express_no\":\"8b57b306-3afa-3a40-98d5-1a8e1f5cf9a8\"}', '[]', '2019-05-01 10:44:57', '2019-05-01 10:44:57'), ('20', '20190501104457322851', '30', '{\"address\":\"\\u6c5f\\u82cf\\u7701\\u5357\\u4eac\\u5e02\\u6d66\\u53e3\\u533a\\u7b2c17\\u8857\\u9053\\u7b2c384\\u53f7\",\"zip\":263400,\"contact_name\":\"\\u8d3a\\u6bc5\",\"contact_phone\":\"15935756865\"}', '29430.00', 'Facere id qui culpa ratione ut maiores qui.', '2019-04-27 01:27:43', null, 'wechat', 'f4f57ffe-c915-3bb3-bb30-973ff1d88a27', 'pending', null, '0', '1', 'delivered', '{\"express_company\":\"\\u98de\\u5229\\u4fe1\\u79d1\\u6280\\u6709\\u9650\\u516c\\u53f8\",\"express_no\":\"c6c8eae6-fe65-36f7-ac3f-f13fc33cf9c3\"}', '[]', '2019-05-01 10:44:57', '2019-05-01 10:44:57'), ('21', '20190501104457254622', '78', '{\"address\":\"\\u5317\\u4eac\\u5e02\\u5e02\\u8f96\\u533a\\u4e1c\\u57ce\\u533a\\u7b2c0\\u8857\\u9053\\u7b2c201\\u53f7\",\"zip\":28300,\"contact_name\":\"\\u5de6\\u6b23\",\"contact_phone\":\"15604874247\"}', '9604.00', 'Omnis incidunt a accusantium nisi voluptas at facere aut.', '2019-04-28 16:57:00', null, 'wechat', '5a7a09ac-51fc-3b1d-ad61-4a7342c37c0b', 'pending', null, '0', '1', 'received', '{\"express_company\":\"\\u6052\\u806a\\u767e\\u6c47\\u4fe1\\u606f\\u6709\\u9650\\u516c\\u53f8\",\"express_no\":\"ac1b1820-ee60-3a49-80b2-5a15de51bb34\"}', '[]', '2019-05-01 10:44:57', '2019-05-01 10:44:57'), ('22', '20190501104457482218', '45', '{\"address\":\"\\u5317\\u4eac\\u5e02\\u5e02\\u8f96\\u533a\\u4e1c\\u57ce\\u533a\\u7b2c8\\u8857\\u9053\\u7b2c812\\u53f7\",\"zip\":785400,\"contact_name\":\"\\u4e01\\u5b81\",\"contact_phone\":\"18132373924\"}', '41749.50', 'Laudantium assumenda laudantium et laudantium cupiditate voluptatem.', '2019-04-20 08:23:01', '1', 'wechat', 'e268acc0-f6f2-367a-ab05-fd3ca29c1c00', 'pending', null, '0', '1', 'received', '{\"express_company\":\"\\u6602\\u6b4c\\u4fe1\\u606f\\u7f51\\u7edc\\u6709\\u9650\\u516c\\u53f8\",\"express_no\":\"f5e826cf-d9f3-3cba-8305-445db72268fd\"}', '[]', '2019-05-01 10:44:57', '2019-05-01 10:44:57'), ('23', '20190501104457250728', '10', '{\"address\":\"\\u6c5f\\u82cf\\u7701\\u82cf\\u5dde\\u5e02\\u76f8\\u57ce\\u533a\\u7b2c64\\u8857\\u9053\\u7b2c272\\u53f7\",\"zip\":153600,\"contact_name\":\"\\u7518\\u6768\",\"contact_phone\":\"15672759986\"}', '5111.00', 'Vel nobis hic molestiae quos.', '2019-04-13 15:20:51', null, 'wechat', 'a9486778-08de-334a-8137-adf842c5cd48', 'pending', null, '0', '1', 'delivered', '{\"express_company\":\"\\u4fe1\\u8bda\\u81f4\\u8fdc\\u4f20\\u5a92\\u6709\\u9650\\u516c\\u53f8\",\"express_no\":\"cf1d2f56-6fab-3cfd-8703-8754968afb01\"}', '[]', '2019-05-01 10:44:57', '2019-05-01 10:44:57'), ('24', '20190501104457368938', '20', '{\"address\":\"\\u6c5f\\u82cf\\u7701\\u5357\\u4eac\\u5e02\\u6d66\\u53e3\\u533a\\u7b2c95\\u8857\\u9053\\u7b2c923\\u53f7\",\"zip\":283100,\"contact_name\":\"\\u6797\\u4f26\",\"contact_phone\":\"18813229385\"}', '26075.52', 'Necessitatibus omnis accusantium omnis quia.', '2019-04-02 12:47:19', '19', 'alipay', 'df48ca6f-9a4c-394b-8061-41995acfe4e9', 'pending', null, '0', '1', 'received', '{\"express_company\":\"\\u98de\\u5229\\u4fe1\\u4fe1\\u606f\\u6709\\u9650\\u516c\\u53f8\",\"express_no\":\"f42ae353-1d7d-338e-bd7b-bbf4d86af1f3\"}', '[]', '2019-05-01 10:44:57', '2019-05-01 10:44:57'), ('25', '20190501104457800211', '9', '{\"address\":\"\\u5317\\u4eac\\u5e02\\u5e02\\u8f96\\u533a\\u4e1c\\u57ce\\u533a\\u7b2c31\\u8857\\u9053\\u7b2c926\\u53f7\",\"zip\":391500,\"contact_name\":\"\\u6613\\u6842\\u82ac\",\"contact_phone\":\"18975766149\"}', '17349.54', 'Et sit suscipit quia deleniti illo enim sequi.', '2019-04-03 13:07:45', '16', 'alipay', '019a3c1c-7a6c-3b06-8cf5-001143c9c769', 'pending', null, '0', '1', 'pending', null, '[]', '2019-05-01 10:44:57', '2019-05-01 10:44:57'), ('26', '20190501104457125694', '84', '{\"address\":\"\\u6c5f\\u82cf\\u7701\\u82cf\\u5dde\\u5e02\\u76f8\\u57ce\\u533a\\u7b2c46\\u8857\\u9053\\u7b2c505\\u53f7\",\"zip\":672900,\"contact_name\":\"\\u5353\\u5609\\u4fca\",\"contact_phone\":\"15324916511\"}', '22614.00', 'Aut ut distinctio vero ut.', '2019-04-28 12:16:14', null, 'alipay', '1c884929-36ca-38e9-83d0-449d1eb8cef8', 'pending', null, '0', '1', 'delivered', '{\"express_company\":\"\\u65f6\\u523b\\u79d1\\u6280\\u6709\\u9650\\u516c\\u53f8\",\"express_no\":\"e40b71a4-9038-3917-9dae-5c66024dad02\"}', '[]', '2019-05-01 10:44:57', '2019-05-01 10:44:57'), ('27', '20190501104457516111', '6', '{\"address\":\"\\u6c5f\\u82cf\\u7701\\u5357\\u4eac\\u5e02\\u6d66\\u53e3\\u533a\\u7b2c32\\u8857\\u9053\\u7b2c598\\u53f7\",\"zip\":87100,\"contact_name\":\"\\u6f58\\u971e\",\"contact_phone\":\"18330540235\"}', '5557.76', 'Unde veniam impedit sit.', '2019-04-16 18:08:01', '19', 'wechat', 'eb4c1f2e-c0ff-39ea-a03b-8ee5230ad76a', 'pending', null, '0', '1', 'received', '{\"express_company\":\"\\u521b\\u6c47\\u4f20\\u5a92\\u6709\\u9650\\u516c\\u53f8\",\"express_no\":\"96ef832a-8fab-3bfd-bf6f-fc4fed539f44\"}', '[]', '2019-05-01 10:44:57', '2019-05-01 10:44:57'), ('28', '20190501104457257714', '59', '{\"address\":\"\\u6cb3\\u5317\\u7701\\u77f3\\u5bb6\\u5e84\\u5e02\\u957f\\u5b89\\u533a\\u7b2c84\\u8857\\u9053\\u7b2c399\\u53f7\",\"zip\":61600,\"contact_name\":\"\\u595a\\u51b0\\u51b0\",\"contact_phone\":\"15173045550\"}', '14991.57', 'Quo consequuntur aut distinctio.', '2019-04-06 02:28:02', '14', 'wechat', 'd0442a68-cd11-3066-b846-955a17706209', 'pending', null, '0', '1', 'delivered', '{\"express_company\":\"\\u521b\\u6c47\\u4f20\\u5a92\\u6709\\u9650\\u516c\\u53f8\",\"express_no\":\"e9b9a8b6-06bf-32f1-a351-c0af7358c990\"}', '[]', '2019-05-01 10:44:57', '2019-05-01 10:44:57'), ('29', '20190501104457540301', '34', '{\"address\":\"\\u5e7f\\u4e1c\\u7701\\u6df1\\u5733\\u5e02\\u798f\\u7530\\u533a\\u7b2c6\\u8857\\u9053\\u7b2c481\\u53f7\",\"zip\":228500,\"contact_name\":\"\\u7b26\\u5efa\\u5e73\",\"contact_phone\":\"14519837611\"}', '33210.00', 'Expedita sint totam nisi aut.', '2019-04-24 19:01:55', null, 'alipay', '3800b159-eef9-3c52-bf96-c273c0bc7f49', 'pending', null, '0', '1', 'received', '{\"express_company\":\"\\u521b\\u8054\\u4e16\\u7eaa\\u7f51\\u7edc\\u6709\\u9650\\u516c\\u53f8\",\"express_no\":\"c9ca7032-09a3-3276-9b67-7a120ef2114d\"}', '[]', '2019-05-01 10:44:57', '2019-05-01 10:44:57'), ('30', '20190501104457439945', '59', '{\"address\":\"\\u5e7f\\u4e1c\\u7701\\u6df1\\u5733\\u5e02\\u798f\\u7530\\u533a\\u7b2c1\\u8857\\u9053\\u7b2c324\\u53f7\",\"zip\":104800,\"contact_name\":\"\\u6e29\\u5175\",\"contact_phone\":\"18335984676\"}', '6324.00', 'Assumenda laboriosam suscipit minus sit quia cumque quas.', '2019-04-08 21:51:06', null, 'wechat', 'aa8d7484-30d9-3c58-9438-d7d97b3ef8a5', 'pending', null, '0', '0', 'received', '{\"express_company\":\"\\u6d4e\\u5357\\u4ebf\\u6b21\\u5143\\u4fe1\\u606f\\u6709\\u9650\\u516c\\u53f8\",\"express_no\":\"cab0ca28-b675-3c5b-8f7b-94fc2e2bb8d7\"}', '[]', '2019-05-01 10:44:57', '2019-05-01 10:44:57'), ('31', '20190501104457883830', '15', '{\"address\":\"\\u6c5f\\u82cf\\u7701\\u5357\\u4eac\\u5e02\\u6d66\\u53e3\\u533a\\u7b2c92\\u8857\\u9053\\u7b2c68\\u53f7\",\"zip\":68300,\"contact_name\":\"\\u53f6\\u6b63\\u8bda\",\"contact_phone\":\"17011869761\"}', '48824.00', 'Consequatur eos vel alias est.', '2019-04-24 00:31:09', null, 'wechat', 'fb617bb2-a258-3197-84c9-87b94733d99d', 'success', 'a95e572d3d9c4c67b6bb8bed04c13b60', '0', '1', 'pending', null, '{\"refund_reason\":\"Accusamus consectetur expedita quia aut distinctio.\"}', '2019-05-01 10:44:57', '2019-05-01 10:44:57'), ('32', '20190501104457095092', '8', '{\"address\":\"\\u6cb3\\u5317\\u7701\\u77f3\\u5bb6\\u5e84\\u5e02\\u957f\\u5b89\\u533a\\u7b2c61\\u8857\\u9053\\u7b2c748\\u53f7\",\"zip\":314000,\"contact_name\":\"\\u827e\\u6167\",\"contact_phone\":\"15342367595\"}', '6382.00', 'Voluptas dolores quis suscipit vel.', '2019-04-16 16:43:06', null, 'alipay', '0269a6b5-4314-38dd-bec0-9b45453f7504', 'pending', null, '0', '1', 'delivered', '{\"express_company\":\"\\u60e0\\u6d3e\\u56fd\\u9645\\u516c\\u53f8\\u7f51\\u7edc\\u6709\\u9650\\u516c\\u53f8\",\"express_no\":\"d3df45b1-671a-36c7-8645-925c02b4777a\"}', '[]', '2019-05-01 10:44:57', '2019-05-01 10:44:57'), ('33', '20190501104457595621', '97', '{\"address\":\"\\u5317\\u4eac\\u5e02\\u5e02\\u8f96\\u533a\\u4e1c\\u57ce\\u533a\\u7b2c41\\u8857\\u9053\\u7b2c619\\u53f7\",\"zip\":351600,\"contact_name\":\"\\u8521\\u6d0b\",\"contact_phone\":\"13638587461\"}', '9680.00', 'Dignissimos autem vel inventore sit dolores et.', '2019-04-15 11:05:44', null, 'wechat', 'ea661b34-48d8-3581-b1c1-28dcd103eeab', 'pending', null, '0', '1', 'delivered', '{\"express_company\":\"\\u7acb\\u4fe1\\u7535\\u5b50\\u4fe1\\u606f\\u6709\\u9650\\u516c\\u53f8\",\"express_no\":\"e3708786-4ff2-3753-91e7-daad4d12ef21\"}', '[]', '2019-05-01 10:44:57', '2019-05-01 10:44:57'), ('34', '20190501104457217361', '40', '{\"address\":\"\\u5317\\u4eac\\u5e02\\u5e02\\u8f96\\u533a\\u4e1c\\u57ce\\u533a\\u7b2c62\\u8857\\u9053\\u7b2c644\\u53f7\",\"zip\":286700,\"contact_name\":\"\\u5173\\u65b0\\u534e\",\"contact_phone\":\"15087252998\"}', '40464.00', 'Dolorum dolorem est consequatur consequatur possimus et quos molestiae.', '2019-04-14 15:37:36', null, 'alipay', 'c11c69bf-d60a-3d0b-b72d-bda7afdc8e7e', 'pending', null, '0', '1', 'pending', null, '[]', '2019-05-01 10:44:57', '2019-05-01 10:44:57'), ('35', '20190501104457466070', '83', '{\"address\":\"\\u6cb3\\u5317\\u7701\\u77f3\\u5bb6\\u5e84\\u5e02\\u957f\\u5b89\\u533a\\u7b2c88\\u8857\\u9053\\u7b2c436\\u53f7\",\"zip\":148500,\"contact_name\":\"\\u9f99\\u6d9b\",\"contact_phone\":\"17770571304\"}', '10278.00', 'Iusto omnis dolorum repudiandae suscipit.', '2019-04-18 13:33:30', '1', 'wechat', 'be4388db-93db-3a5e-b668-d1fe4c6f17ee', 'success', 'aefa1029f9b44befa0cf1396e5f156d2', '0', '0', 'delivered', '{\"express_company\":\"\\u98de\\u6d77\\u79d1\\u6280\\u7f51\\u7edc\\u6709\\u9650\\u516c\\u53f8\",\"express_no\":\"32bbe789-6d36-3801-8d7a-7e15878d1d78\"}', '{\"refund_reason\":\"Quo magni nesciunt quis velit dolorem id.\"}', '2019-05-01 10:44:57', '2019-05-01 10:44:57'), ('36', '20190501104457439192', '23', '{\"address\":\"\\u6cb3\\u5317\\u7701\\u77f3\\u5bb6\\u5e84\\u5e02\\u957f\\u5b89\\u533a\\u7b2c10\\u8857\\u9053\\u7b2c215\\u53f7\",\"zip\":566700,\"contact_name\":\"\\u4e07\\u7389\\u82f1\",\"contact_phone\":\"17096408808\"}', '21220.08', 'Velit et labore consequatur impedit.', '2019-04-05 08:09:10', '2', 'wechat', '21e475a8-bc5d-3dfa-aea3-c54fc273bc01', 'pending', null, '0', '1', 'delivered', '{\"express_company\":\"\\u53cc\\u654f\\u7535\\u5b50\\u7f51\\u7edc\\u6709\\u9650\\u516c\\u53f8\",\"express_no\":\"a9ab8ac4-7df7-3241-bb52-cc78e746c716\"}', '[]', '2019-05-01 10:44:57', '2019-05-01 10:44:57'), ('37', '20190501104457193753', '36', '{\"address\":\"\\u6c5f\\u82cf\\u7701\\u82cf\\u5dde\\u5e02\\u76f8\\u57ce\\u533a\\u7b2c66\\u8857\\u9053\\u7b2c602\\u53f7\",\"zip\":707100,\"contact_name\":\"\\u4f59\\u667a\\u52c7\",\"contact_phone\":\"17058988535\"}', '80617.00', 'Dignissimos culpa eum minima vel aliquid iure.', '2019-04-17 03:27:39', null, 'alipay', '8c99e08e-fc51-3d80-b711-209d4e900c51', 'pending', null, '0', '1', 'delivered', '{\"express_company\":\"\\u8bfa\\u4f9d\\u66fc\\u8f6f\\u4ef6\\u7f51\\u7edc\\u6709\\u9650\\u516c\\u53f8\",\"express_no\":\"102a3a6c-aa9b-370b-a3e1-23a7aec098ea\"}', '[]', '2019-05-01 10:44:57', '2019-05-01 10:44:57'), ('38', '20190501104457771961', '5', '{\"address\":\"\\u6c5f\\u82cf\\u7701\\u82cf\\u5dde\\u5e02\\u76f8\\u57ce\\u533a\\u7b2c14\\u8857\\u9053\\u7b2c902\\u53f7\",\"zip\":192900,\"contact_name\":\"\\u82cf\\u5fd7\\u5f3a\",\"contact_phone\":\"18896254957\"}', '17650.00', 'Et laborum repudiandae iusto officiis aut nobis.', '2019-04-29 21:21:29', null, 'wechat', '0f9dc7fa-3e3e-3cdc-b4b5-7e7e75faf32e', 'pending', null, '0', '0', 'pending', null, '[]', '2019-05-01 10:44:57', '2019-05-01 10:44:57'), ('39', '20190501104457173516', '30', '{\"address\":\"\\u5e7f\\u4e1c\\u7701\\u6df1\\u5733\\u5e02\\u798f\\u7530\\u533a\\u7b2c7\\u8857\\u9053\\u7b2c560\\u53f7\",\"zip\":621200,\"contact_name\":\"\\u5d14\\u6d69\",\"contact_phone\":\"13929829990\"}', '45029.40', 'Odio eveniet architecto natus voluptatem dolor totam.', '2019-04-18 20:35:29', '15', 'wechat', '19071535-d2a6-32a4-9170-308545ea70a1', 'pending', null, '0', '1', 'pending', null, '[]', '2019-05-01 10:44:57', '2019-05-01 10:44:57'), ('40', '20190501104457685954', '74', '{\"address\":\"\\u5e7f\\u4e1c\\u7701\\u6df1\\u5733\\u5e02\\u798f\\u7530\\u533a\\u7b2c73\\u8857\\u9053\\u7b2c873\\u53f7\",\"zip\":35200,\"contact_name\":\"\\u515a\\u5fd7\\u52c7\",\"contact_phone\":\"13111415863\"}', '38089.00', 'Qui autem est adipisci vel aut voluptas.', '2019-04-02 11:10:25', null, 'wechat', '248b25fb-da1d-3e2c-9793-1790a4c36631', 'pending', null, '0', '1', 'pending', null, '[]', '2019-05-01 10:44:57', '2019-05-01 10:44:57'), ('41', '20190501104457844970', '11', '{\"address\":\"\\u6cb3\\u5317\\u7701\\u77f3\\u5bb6\\u5e84\\u5e02\\u957f\\u5b89\\u533a\\u7b2c42\\u8857\\u9053\\u7b2c194\\u53f7\",\"zip\":684100,\"contact_name\":\"\\u6765\\u6885\",\"contact_phone\":\"17654879788\"}', '20294.40', 'Recusandae ducimus ea minima qui.', '2019-04-12 19:01:24', '19', 'wechat', '7c7c9cea-7fec-3392-8e56-59dd0dd8e765', 'pending', null, '0', '0', 'delivered', '{\"express_company\":\"\\u901a\\u9645\\u540d\\u8054\\u79d1\\u6280\\u6709\\u9650\\u516c\\u53f8\",\"express_no\":\"2f47d52e-b7f2-3fbf-96ab-7970f2b37a79\"}', '[]', '2019-05-01 10:44:57', '2019-05-01 10:44:57'), ('42', '20190501104457413190', '22', '{\"address\":\"\\u6c5f\\u82cf\\u7701\\u82cf\\u5dde\\u5e02\\u76f8\\u57ce\\u533a\\u7b2c87\\u8857\\u9053\\u7b2c322\\u53f7\",\"zip\":481800,\"contact_name\":\"\\u534e\\u7fd4\",\"contact_phone\":\"18454474705\"}', '62578.00', 'Molestiae harum reprehenderit vitae vel itaque aut illo.', '2019-04-26 15:57:59', null, 'wechat', 'ec988ca9-f0b4-3898-9516-6c9e1bace35e', 'pending', null, '0', '1', 'pending', null, '[]', '2019-05-01 10:44:57', '2019-05-01 10:44:57'), ('43', '20190501104457234864', '78', '{\"address\":\"\\u5317\\u4eac\\u5e02\\u5e02\\u8f96\\u533a\\u4e1c\\u57ce\\u533a\\u7b2c0\\u8857\\u9053\\u7b2c201\\u53f7\",\"zip\":28300,\"contact_name\":\"\\u5de6\\u6b23\",\"contact_phone\":\"15604874247\"}', '26392.00', 'Perspiciatis atque et placeat error atque.', '2019-04-29 11:28:29', null, 'alipay', '76f9ad6e-a40e-3e29-bf4e-a110aa892f54', 'pending', null, '0', '0', 'received', '{\"express_company\":\"\\u5929\\u76ca\\u7f51\\u7edc\\u6709\\u9650\\u516c\\u53f8\",\"express_no\":\"6ed21e77-5891-3e53-8fc3-94cc32e5c37b\"}', '[]', '2019-05-01 10:44:57', '2019-05-01 10:44:57'), ('44', '20190501104457128362', '12', '{\"address\":\"\\u5e7f\\u4e1c\\u7701\\u6df1\\u5733\\u5e02\\u798f\\u7530\\u533a\\u7b2c28\\u8857\\u9053\\u7b2c279\\u53f7\",\"zip\":317300,\"contact_name\":\"\\u53e4\\u6d9b\",\"contact_phone\":\"17183999640\"}', '20771.00', 'Officia omnis exercitationem dolores ut maiores ipsum est dolorem.', '2019-04-09 16:32:46', null, 'wechat', '454eddbc-ce1c-3f2f-b989-64397d4e1fc1', 'pending', null, '0', '1', 'received', '{\"express_company\":\"\\u6613\\u52a8\\u529b\\u7f51\\u7edc\\u6709\\u9650\\u516c\\u53f8\",\"express_no\":\"056fc74d-d128-37a7-a8fa-3a729c7541cb\"}', '[]', '2019-05-01 10:44:57', '2019-05-01 10:44:57'), ('45', '20190501104457115942', '3', '{\"address\":\"\\u5e7f\\u4e1c\\u7701\\u6df1\\u5733\\u5e02\\u798f\\u7530\\u533a\\u7b2c1\\u8857\\u9053\\u7b2c687\\u53f7\",\"zip\":55100,\"contact_name\":\"\\u51bc\\u79c0\\u4e91\",\"contact_phone\":\"13127621462\"}', '47548.00', 'Quia eos eligendi inventore sint ut error facilis dolores.', '2019-04-16 14:11:43', null, 'wechat', 'cba5c6a9-9c8e-3fec-89b9-1368e5ece91a', 'pending', null, '0', '1', 'received', '{\"express_company\":\"\\u4e07\\u8fc5\\u7535\\u8111\\u4f20\\u5a92\\u6709\\u9650\\u516c\\u53f8\",\"express_no\":\"42c3a7b1-dda9-32ab-b478-571bd17b27eb\"}', '[]', '2019-05-01 10:44:57', '2019-05-01 10:44:57'), ('46', '20190501104457055335', '23', '{\"address\":\"\\u6cb3\\u5317\\u7701\\u77f3\\u5bb6\\u5e84\\u5e02\\u957f\\u5b89\\u533a\\u7b2c10\\u8857\\u9053\\u7b2c215\\u53f7\",\"zip\":566700,\"contact_name\":\"\\u4e07\\u7389\\u82f1\",\"contact_phone\":\"17096408808\"}', '41423.00', 'Alias rerum quibusdam consectetur quisquam dolorum.', '2019-04-13 14:52:49', null, 'wechat', '8445c297-87a1-3ed8-8998-ec86b7170dc5', 'pending', null, '0', '0', 'pending', null, '[]', '2019-05-01 10:44:57', '2019-05-01 10:44:57'), ('47', '20190501104457155173', '92', '{\"address\":\"\\u6c5f\\u82cf\\u7701\\u82cf\\u5dde\\u5e02\\u76f8\\u57ce\\u533a\\u7b2c67\\u8857\\u9053\\u7b2c427\\u53f7\",\"zip\":844200,\"contact_name\":\"\\u82b1\\u5fd7\\u5f3a\",\"contact_phone\":\"13449532881\"}', '34887.00', 'Ea incidunt magni excepturi aut.', '2019-04-05 03:10:06', null, 'wechat', '7c420724-d634-326a-ad5f-211184dd2352', 'pending', null, '0', '1', 'received', '{\"express_company\":\"\\u9ec4\\u77f3\\u91d1\\u627f\\u79d1\\u6280\\u6709\\u9650\\u516c\\u53f8\",\"express_no\":\"a97a7341-18aa-3601-ae26-28f3593e493c\"}', '[]', '2019-05-01 10:44:57', '2019-05-01 10:44:57'), ('48', '20190501104457136067', '29', '{\"address\":\"\\u6c5f\\u82cf\\u7701\\u82cf\\u5dde\\u5e02\\u76f8\\u57ce\\u533a\\u7b2c85\\u8857\\u9053\\u7b2c604\\u53f7\",\"zip\":726400,\"contact_name\":\"\\u4f0f\\u8d85\",\"contact_phone\":\"15289774207\"}', '19685.00', 'Vel non facere praesentium autem officia.', '2019-04-21 09:02:11', null, 'alipay', 'd1e285ef-428c-34c7-a6ca-8e97664aaa9d', 'pending', null, '0', '0', 'delivered', '{\"express_company\":\"\\u4e03\\u559c\\u79d1\\u6280\\u6709\\u9650\\u516c\\u53f8\",\"express_no\":\"639025bf-84d1-3cd5-a006-d41ab56a0b9b\"}', '[]', '2019-05-01 10:44:57', '2019-05-01 10:44:57'), ('49', '20190501104457124824', '39', '{\"address\":\"\\u6cb3\\u5317\\u7701\\u77f3\\u5bb6\\u5e84\\u5e02\\u957f\\u5b89\\u533a\\u7b2c31\\u8857\\u9053\\u7b2c281\\u53f7\",\"zip\":46100,\"contact_name\":\"\\u5415\\u658c\",\"contact_phone\":\"17018460651\"}', '32068.00', 'Dolor expedita quia rerum.', '2019-04-27 05:42:30', null, 'wechat', '9494dea2-e308-3f80-9902-82509e43c7ca', 'pending', null, '0', '1', 'pending', null, '[]', '2019-05-01 10:44:57', '2019-05-01 10:44:57'), ('50', '20190501104457476954', '38', '{\"address\":\"\\u5317\\u4eac\\u5e02\\u5e02\\u8f96\\u533a\\u4e1c\\u57ce\\u533a\\u7b2c42\\u8857\\u9053\\u7b2c510\\u53f7\",\"zip\":228300,\"contact_name\":\"\\u6556\\u745c\",\"contact_phone\":\"13028958387\"}', '43923.00', 'Ut ipsa placeat animi sequi sunt consequatur.', '2019-04-01 17:13:30', null, 'wechat', '41147867-75ab-350f-b642-8d855bf10f19', 'pending', null, '0', '1', 'received', '{\"express_company\":\"\\u94f6\\u5609\\u4fe1\\u606f\\u6709\\u9650\\u516c\\u53f8\",\"express_no\":\"6d208b1c-575f-37fe-882c-d7606a0f2426\"}', '[]', '2019-05-01 10:44:57', '2019-05-01 10:44:57'), ('51', '20190501104457588974', '3', '{\"address\":\"\\u5e7f\\u4e1c\\u7701\\u6df1\\u5733\\u5e02\\u798f\\u7530\\u533a\\u7b2c1\\u8857\\u9053\\u7b2c687\\u53f7\",\"zip\":55100,\"contact_name\":\"\\u51bc\\u79c0\\u4e91\",\"contact_phone\":\"13127621462\"}', '8231.40', 'Fugit dolorem dolorem eos voluptas impedit animi.', '2019-04-06 10:15:54', '15', 'alipay', '5af19494-b667-3e1d-a5a0-2e6eb2a68e90', 'pending', null, '0', '1', 'pending', null, '[]', '2019-05-01 10:44:57', '2019-05-01 10:44:57'), ('52', '20190501104457387526', '42', '{\"address\":\"\\u6cb3\\u5317\\u7701\\u77f3\\u5bb6\\u5e84\\u5e02\\u957f\\u5b89\\u533a\\u7b2c0\\u8857\\u9053\\u7b2c777\\u53f7\",\"zip\":668400,\"contact_name\":\"\\u6c6a\\u9633\",\"contact_phone\":\"13682462255\"}', '17092.48', 'Dolores deserunt id iste consequatur consequatur veniam dolor.', '2019-04-18 22:41:10', '19', 'alipay', '1db8647c-3b05-30e9-b63d-410903013118', 'pending', null, '0', '1', 'received', '{\"express_company\":\"\\u601d\\u4f18\\u4fe1\\u606f\\u6709\\u9650\\u516c\\u53f8\",\"express_no\":\"518aeec5-fd07-367b-9a15-1cc80b82afb3\"}', '[]', '2019-05-01 10:44:57', '2019-05-01 10:44:57'), ('53', '20190501104457285688', '25', '{\"address\":\"\\u6cb3\\u5317\\u7701\\u77f3\\u5bb6\\u5e84\\u5e02\\u957f\\u5b89\\u533a\\u7b2c35\\u8857\\u9053\\u7b2c503\\u53f7\",\"zip\":591600,\"contact_name\":\"\\u4fde\\u5fd7\\u660e\",\"contact_phone\":\"18917828207\"}', '7632.00', 'Ipsa repudiandae harum et enim possimus.', '2019-04-26 03:07:28', null, 'alipay', '8a1e8872-3ca6-3f81-92b1-70a28a49ab5a', 'pending', null, '0', '1', 'delivered', '{\"express_company\":\"\\u4f73\\u79be\\u4fe1\\u606f\\u6709\\u9650\\u516c\\u53f8\",\"express_no\":\"6f240a0f-3a14-3b67-9acc-5a467aa38494\"}', '[]', '2019-05-01 10:44:57', '2019-05-01 10:44:57'), ('54', '20190501104457236802', '79', '{\"address\":\"\\u6cb3\\u5317\\u7701\\u77f3\\u5bb6\\u5e84\\u5e02\\u957f\\u5b89\\u533a\\u7b2c46\\u8857\\u9053\\u7b2c863\\u53f7\",\"zip\":138700,\"contact_name\":\"\\u9648\\u5efa\\u534e\",\"contact_phone\":\"15901450568\"}', '2812.00', 'Est similique ea aperiam quasi dolores.', '2019-04-12 04:09:52', null, 'alipay', '7ed80d90-5d37-3b35-953d-fd344c259471', 'pending', null, '0', '1', 'delivered', '{\"express_company\":\"\\u6d59\\u5927\\u4e07\\u670b\\u79d1\\u6280\\u6709\\u9650\\u516c\\u53f8\",\"express_no\":\"bc53cd69-f013-3ae7-99bc-2a015d8ec27e\"}', '[]', '2019-05-01 10:44:57', '2019-05-01 10:44:57'), ('55', '20190501104457669640', '46', '{\"address\":\"\\u6c5f\\u82cf\\u7701\\u5357\\u4eac\\u5e02\\u6d66\\u53e3\\u533a\\u7b2c38\\u8857\\u9053\\u7b2c837\\u53f7\",\"zip\":447800,\"contact_name\":\"\\u8d56\\u7965\",\"contact_phone\":\"15094951537\"}', '7984.00', 'Perferendis quae sint maxime est.', '2019-04-13 20:52:57', null, 'alipay', 'c0186c7b-c33e-34ce-b1a5-1f06e173dc9c', 'pending', null, '0', '0', 'received', '{\"express_company\":\"\\u7f51\\u65b0\\u6052\\u5929\\u79d1\\u6280\\u6709\\u9650\\u516c\\u53f8\",\"express_no\":\"45d7ccdd-e782-3da5-a178-7c9d1a9299fd\"}', '[]', '2019-05-01 10:44:57', '2019-05-01 10:44:57'), ('56', '20190501104457289912', '40', '{\"address\":\"\\u5317\\u4eac\\u5e02\\u5e02\\u8f96\\u533a\\u4e1c\\u57ce\\u533a\\u7b2c18\\u8857\\u9053\\u7b2c586\\u53f7\",\"zip\":845400,\"contact_name\":\"\\u5f6d\\u971e\",\"contact_phone\":\"13841110989\"}', '16867.72', 'Ea provident autem excepturi a et harum eligendi.', '2019-04-12 10:38:08', '10', 'alipay', 'f73686d6-fdd3-3488-8745-64b628e21842', 'pending', null, '0', '1', 'pending', null, '[]', '2019-05-01 10:44:57', '2019-05-01 10:44:57'), ('57', '20190501104457219558', '70', '{\"address\":\"\\u5e7f\\u4e1c\\u7701\\u6df1\\u5733\\u5e02\\u798f\\u7530\\u533a\\u7b2c71\\u8857\\u9053\\u7b2c615\\u53f7\",\"zip\":432700,\"contact_name\":\"\\u795d\\u6842\\u829d\",\"contact_phone\":\"15892482104\"}', '40600.00', 'Hic omnis nisi nobis quia eaque vel eligendi.', '2019-04-07 01:54:34', null, 'wechat', '9cfd3aaa-2b8f-32d1-bd1f-206a4124d14a', 'pending', null, '0', '1', 'received', '{\"express_company\":\"\\u521b\\u8054\\u4e16\\u7eaa\\u4fe1\\u606f\\u6709\\u9650\\u516c\\u53f8\",\"express_no\":\"7a9a9454-2f59-37e2-8179-e01082a719c5\"}', '[]', '2019-05-01 10:44:57', '2019-05-01 10:44:57'), ('58', '20190501104457675505', '75', '{\"address\":\"\\u6c5f\\u82cf\\u7701\\u82cf\\u5dde\\u5e02\\u76f8\\u57ce\\u533a\\u7b2c27\\u8857\\u9053\\u7b2c993\\u53f7\",\"zip\":252200,\"contact_name\":\"\\u94f6\\u79c0\\u8363\",\"contact_phone\":\"17054579996\"}', '52285.00', 'Officia minus ullam neque.', '2019-04-12 01:33:17', null, 'alipay', '42834298-bed2-395a-94b0-ec84a4d1d1e1', 'pending', null, '0', '1', 'delivered', '{\"express_company\":\"\\u534e\\u6210\\u80b2\\u5353\\u7f51\\u7edc\\u6709\\u9650\\u516c\\u53f8\",\"express_no\":\"c445433d-11d2-384f-b3b0-b157b8026fa1\"}', '[]', '2019-05-01 10:44:57', '2019-05-01 10:44:57'), ('59', '20190501104457383139', '80', '{\"address\":\"\\u6cb3\\u5317\\u7701\\u77f3\\u5bb6\\u5e84\\u5e02\\u957f\\u5b89\\u533a\\u7b2c8\\u8857\\u9053\\u7b2c308\\u53f7\",\"zip\":77700,\"contact_name\":\"\\u6881\\u8363\",\"contact_phone\":\"17197720179\"}', '58466.00', 'Alias soluta minus reiciendis ea animi labore corrupti.', '2019-04-02 17:37:39', null, 'wechat', '6d17bcf7-ba54-33e8-ab8c-6b2fdfce0ea7', 'pending', null, '0', '1', 'delivered', '{\"express_company\":\"\\u5de8\\u5965\\u79d1\\u6280\\u6709\\u9650\\u516c\\u53f8\",\"express_no\":\"a73d88b5-50c9-36e9-b675-7245e2b1b7b5\"}', '[]', '2019-05-01 10:44:57', '2019-05-01 10:44:57'), ('60', '20190501104457481642', '85', '{\"address\":\"\\u5317\\u4eac\\u5e02\\u5e02\\u8f96\\u533a\\u4e1c\\u57ce\\u533a\\u7b2c58\\u8857\\u9053\\u7b2c791\\u53f7\",\"zip\":262600,\"contact_name\":\"\\u67f3\\u4e39\",\"contact_phone\":\"14506420783\"}', '58769.00', 'Officia nihil doloribus quaerat.', '2019-04-20 10:50:43', null, 'alipay', 'ceef042d-1e9e-323e-9a4b-0e0dbc733e1a', 'pending', null, '0', '1', 'delivered', '{\"express_company\":\"\\u56fd\\u8baf\\u7f51\\u7edc\\u6709\\u9650\\u516c\\u53f8\",\"express_no\":\"25198a61-38f2-3b13-996b-b0735a958292\"}', '[]', '2019-05-01 10:44:57', '2019-05-01 10:44:57'), ('61', '20190501104457044751', '84', '{\"address\":\"\\u6c5f\\u82cf\\u7701\\u82cf\\u5dde\\u5e02\\u76f8\\u57ce\\u533a\\u7b2c46\\u8857\\u9053\\u7b2c505\\u53f7\",\"zip\":672900,\"contact_name\":\"\\u5353\\u5609\\u4fca\",\"contact_phone\":\"15324916511\"}', '11772.00', 'Et numquam consectetur dicta ut.', '2019-04-11 09:50:44', '1', 'wechat', 'b57ae793-1e7a-398e-924e-2fd1a9999cb0', 'pending', null, '0', '1', 'received', '{\"express_company\":\"\\u6d77\\u521b\\u4fe1\\u606f\\u6709\\u9650\\u516c\\u53f8\",\"express_no\":\"05b96ae5-c912-364e-8559-4b8e2df51b6a\"}', '[]', '2019-05-01 10:44:57', '2019-05-01 10:44:57'), ('62', '20190501104457103580', '27', '{\"address\":\"\\u6cb3\\u5317\\u7701\\u77f3\\u5bb6\\u5e84\\u5e02\\u957f\\u5b89\\u533a\\u7b2c11\\u8857\\u9053\\u7b2c177\\u53f7\",\"zip\":81300,\"contact_name\":\"\\u6c99\\u65ed\",\"contact_phone\":\"13488394049\"}', '45578.88', 'Non quasi enim reprehenderit blanditiis eos natus.', '2019-04-14 15:45:39', '19', 'alipay', '641744c1-4e0c-3928-a346-ad788e5d4749', 'pending', null, '0', '1', 'received', '{\"express_company\":\"\\u96e8\\u6797\\u6728\\u98ce\\u8ba1\\u7b97\\u673a\\u79d1\\u6280\\u6709\\u9650\\u516c\\u53f8\",\"express_no\":\"291635f5-0519-38a5-9e17-90e9e2a667c5\"}', '[]', '2019-05-01 10:44:57', '2019-05-01 10:44:57'), ('63', '20190501104457974443', '93', '{\"address\":\"\\u6cb3\\u5317\\u7701\\u77f3\\u5bb6\\u5e84\\u5e02\\u957f\\u5b89\\u533a\\u7b2c83\\u8857\\u9053\\u7b2c750\\u53f7\",\"zip\":246200,\"contact_name\":\"\\u5415\\u79c0\\u82b3\",\"contact_phone\":\"17007997019\"}', '46088.00', 'Quo eveniet id ut eligendi.', '2019-04-06 21:52:04', null, 'wechat', '016a2aee-48d7-3d1c-8b97-7463e3b3cd4b', 'pending', null, '0', '1', 'delivered', '{\"express_company\":\"\\u548c\\u6cf0\\u4f20\\u5a92\\u6709\\u9650\\u516c\\u53f8\",\"express_no\":\"621c41c0-8056-36b4-b264-0689276f19ea\"}', '[]', '2019-05-01 10:44:57', '2019-05-01 10:44:57'), ('64', '20190501104457998896', '18', '{\"address\":\"\\u6c5f\\u82cf\\u7701\\u5357\\u4eac\\u5e02\\u6d66\\u53e3\\u533a\\u7b2c34\\u8857\\u9053\\u7b2c360\\u53f7\",\"zip\":807300,\"contact_name\":\"\\u6cbf\\u840d\",\"contact_phone\":\"18522827082\"}', '10590.00', 'Ullam et fuga sunt ab.', '2019-04-09 21:59:01', null, 'alipay', 'dae14959-e491-3d5f-a243-4ab61ed49e04', 'pending', null, '0', '1', 'pending', null, '[]', '2019-05-01 10:44:57', '2019-05-01 10:44:57'), ('65', '20190501104457112251', '46', '{\"address\":\"\\u6c5f\\u82cf\\u7701\\u5357\\u4eac\\u5e02\\u6d66\\u53e3\\u533a\\u7b2c38\\u8857\\u9053\\u7b2c837\\u53f7\",\"zip\":447800,\"contact_name\":\"\\u8d56\\u7965\",\"contact_phone\":\"15094951537\"}', '43733.00', 'Laudantium voluptates laborum ex assumenda rem ut natus sunt.', '2019-04-19 17:09:05', null, 'wechat', 'f72b90d3-9832-3386-b2ac-e4b6e0bec89d', 'pending', null, '0', '1', 'received', '{\"express_company\":\"\\u9ec4\\u77f3\\u91d1\\u627f\\u4f20\\u5a92\\u6709\\u9650\\u516c\\u53f8\",\"express_no\":\"3e5edae9-8707-3400-a5dc-8ee114925fbc\"}', '[]', '2019-05-01 10:44:57', '2019-05-01 10:44:57'), ('66', '20190501104457661282', '43', '{\"address\":\"\\u6c5f\\u82cf\\u7701\\u5357\\u4eac\\u5e02\\u6d66\\u53e3\\u533a\\u7b2c86\\u8857\\u9053\\u7b2c64\\u53f7\",\"zip\":664800,\"contact_name\":\"\\u9122\\u7ea2\",\"contact_phone\":\"15953904875\"}', '30496.00', 'Illo repellendus aspernatur porro dolorem distinctio sit est esse.', '2019-04-04 03:05:15', null, 'wechat', '848fa2d0-dd6c-330d-88bb-7ea32b2a3322', 'pending', null, '0', '0', 'pending', null, '[]', '2019-05-01 10:44:57', '2019-05-01 10:44:57'), ('67', '20190501104457571255', '28', '{\"address\":\"\\u6c5f\\u82cf\\u7701\\u82cf\\u5dde\\u5e02\\u76f8\\u57ce\\u533a\\u7b2c36\\u8857\\u9053\\u7b2c633\\u53f7\",\"zip\":575600,\"contact_name\":\"\\u7cdc\\u7389\\u82f1\",\"contact_phone\":\"13767134691\"}', '799.00', 'Voluptatum unde sed minima.', '2019-04-14 14:31:10', null, 'wechat', 'c0e35adb-cd3d-340a-92fe-b44d428ad71f', 'success', '2415b9cbfb9d4f619fdadc262028a7ae', '0', '1', 'pending', null, '{\"refund_reason\":\"Vero eum sint earum.\"}', '2019-05-01 10:44:57', '2019-05-01 10:44:57'), ('68', '20190501104457085651', '22', '{\"address\":\"\\u6c5f\\u82cf\\u7701\\u82cf\\u5dde\\u5e02\\u76f8\\u57ce\\u533a\\u7b2c87\\u8857\\u9053\\u7b2c322\\u53f7\",\"zip\":481800,\"contact_name\":\"\\u534e\\u7fd4\",\"contact_phone\":\"18454474705\"}', '14093.00', 'Iure officiis eligendi in et.', '2019-04-08 15:31:08', null, 'alipay', '8e13e6dc-2f10-31ad-ac32-e1363bb153ed', 'pending', null, '0', '1', 'delivered', '{\"express_company\":\"\\u94f6\\u5609\\u4f20\\u5a92\\u6709\\u9650\\u516c\\u53f8\",\"express_no\":\"59d4a111-1dce-3115-8ed4-b040755d0261\"}', '[]', '2019-05-01 10:44:57', '2019-05-01 10:44:57'), ('69', '20190501104457949220', '21', '{\"address\":\"\\u6c5f\\u82cf\\u7701\\u82cf\\u5dde\\u5e02\\u76f8\\u57ce\\u533a\\u7b2c93\\u8857\\u9053\\u7b2c775\\u53f7\",\"zip\":507600,\"contact_name\":\"\\u5434\\u7389\\u6885\",\"contact_phone\":\"17006197731\"}', '33388.00', 'Architecto repudiandae reprehenderit quibusdam qui.', '2019-04-02 01:35:37', null, 'alipay', 'd0c934d3-4518-3dc0-9528-08d39c29e081', 'pending', null, '0', '1', 'received', '{\"express_company\":\"\\u6d4e\\u5357\\u4ebf\\u6b21\\u5143\\u4f20\\u5a92\\u6709\\u9650\\u516c\\u53f8\",\"express_no\":\"5e9ec58c-0c4b-3b72-bb42-5b9d58d973bc\"}', '[]', '2019-05-01 10:44:57', '2019-05-01 10:44:57'), ('70', '20190501104457323475', '12', '{\"address\":\"\\u5e7f\\u4e1c\\u7701\\u6df1\\u5733\\u5e02\\u798f\\u7530\\u533a\\u7b2c28\\u8857\\u9053\\u7b2c279\\u53f7\",\"zip\":317300,\"contact_name\":\"\\u53e4\\u6d9b\",\"contact_phone\":\"17183999640\"}', '20060.00', 'Qui doloribus molestias molestias laboriosam consequatur eius.', '2019-04-21 02:42:03', null, 'wechat', '17009da1-19e4-3690-9565-bc4d82685147', 'pending', null, '0', '0', 'pending', null, '[]', '2019-05-01 10:44:57', '2019-05-01 10:44:57'), ('71', '20190501104457961601', '74', '{\"address\":\"\\u5e7f\\u4e1c\\u7701\\u6df1\\u5733\\u5e02\\u798f\\u7530\\u533a\\u7b2c73\\u8857\\u9053\\u7b2c873\\u53f7\",\"zip\":35200,\"contact_name\":\"\\u515a\\u5fd7\\u52c7\",\"contact_phone\":\"13111415863\"}', '45523.04', 'Possimus voluptas quidem neque aut nesciunt minima.', '2019-04-28 13:24:28', '16', 'wechat', '43bfedfb-b943-3225-9071-693b10431bff', 'pending', null, '0', '1', 'received', '{\"express_company\":\"\\u8d85\\u827a\\u79d1\\u6280\\u6709\\u9650\\u516c\\u53f8\",\"express_no\":\"b1df59c3-862c-3d8b-91df-5a872d7a266b\"}', '[]', '2019-05-01 10:44:57', '2019-05-01 10:44:57'), ('72', '20190501104457828499', '63', '{\"address\":\"\\u5e7f\\u4e1c\\u7701\\u6df1\\u5733\\u5e02\\u798f\\u7530\\u533a\\u7b2c87\\u8857\\u9053\\u7b2c718\\u53f7\",\"zip\":663200,\"contact_name\":\"\\u7533\\u5a1c\",\"contact_phone\":\"18531965993\"}', '43395.00', 'Veritatis id porro consequuntur neque dolor non.', '2019-04-17 22:55:24', null, 'wechat', '75d97512-7c25-347a-80ac-46366937ddd6', 'pending', null, '0', '0', 'pending', null, '[]', '2019-05-01 10:44:57', '2019-05-01 10:44:57'), ('73', '20190501104457669314', '63', '{\"address\":\"\\u6c5f\\u82cf\\u7701\\u82cf\\u5dde\\u5e02\\u76f8\\u57ce\\u533a\\u7b2c84\\u8857\\u9053\\u7b2c322\\u53f7\",\"zip\":585600,\"contact_name\":\"\\u90ed\\u654f\",\"contact_phone\":\"17629431221\"}', '14425.84', 'Possimus excepturi vel voluptas quia sunt quidem sint.', '2019-04-26 16:48:24', '4', 'wechat', 'c61f9c32-6778-373b-88c1-1993384e161f', 'pending', null, '0', '1', 'delivered', '{\"express_company\":\"\\u4fe1\\u8bda\\u81f4\\u8fdc\\u4f20\\u5a92\\u6709\\u9650\\u516c\\u53f8\",\"express_no\":\"a8db4bb7-4119-3dc7-bc46-d5774d09e61b\"}', '[]', '2019-05-01 10:44:57', '2019-05-01 10:44:57'), ('74', '20190501104457601300', '73', '{\"address\":\"\\u6c5f\\u82cf\\u7701\\u5357\\u4eac\\u5e02\\u6d66\\u53e3\\u533a\\u7b2c7\\u8857\\u9053\\u7b2c32\\u53f7\",\"zip\":188000,\"contact_name\":\"\\u590f\\u4e3d\\u4e3d\",\"contact_phone\":\"15206513169\"}', '17096.00', 'Itaque ullam provident inventore sequi qui magni.', '2019-04-25 07:14:43', null, 'wechat', '42a81f7c-42fc-3c26-bc60-ad39756dc639', 'pending', null, '0', '1', 'received', '{\"express_company\":\"\\u826f\\u8bfa\\u4fe1\\u606f\\u6709\\u9650\\u516c\\u53f8\",\"express_no\":\"d379759c-b415-3d07-bab5-69746805f775\"}', '[]', '2019-05-01 10:44:57', '2019-05-01 10:44:57'), ('75', '20190501104457162080', '62', '{\"address\":\"\\u6c5f\\u82cf\\u7701\\u82cf\\u5dde\\u5e02\\u76f8\\u57ce\\u533a\\u7b2c50\\u8857\\u9053\\u7b2c601\\u53f7\",\"zip\":844500,\"contact_name\":\"\\u535c\\u4e3d\",\"contact_phone\":\"15843401678\"}', '79076.00', 'Nostrum libero qui minima nihil molestiae eaque.', '2019-04-23 07:12:26', null, 'alipay', '97235eb2-f61c-35f0-a12c-863e926e8076', 'pending', null, '0', '1', 'delivered', '{\"express_company\":\"\\u592a\\u6781\\u7f51\\u7edc\\u6709\\u9650\\u516c\\u53f8\",\"express_no\":\"5908759c-0a3b-305f-b9bc-877a9619d4e6\"}', '[]', '2019-05-01 10:44:57', '2019-05-01 10:44:57'), ('76', '20190501104457877299', '84', '{\"address\":\"\\u6c5f\\u82cf\\u7701\\u82cf\\u5dde\\u5e02\\u76f8\\u57ce\\u533a\\u7b2c46\\u8857\\u9053\\u7b2c505\\u53f7\",\"zip\":672900,\"contact_name\":\"\\u5353\\u5609\\u4fca\",\"contact_phone\":\"15324916511\"}', '3160.00', 'Laboriosam libero et rerum voluptatem quibusdam quis.', '2019-04-04 00:48:24', null, 'alipay', 'f65f2011-3412-3c78-b3af-2a3b3e494ccb', 'pending', null, '0', '1', 'received', '{\"express_company\":\"\\u96e8\\u6797\\u6728\\u98ce\\u8ba1\\u7b97\\u673a\\u79d1\\u6280\\u6709\\u9650\\u516c\\u53f8\",\"express_no\":\"82ca1e09-cc3b-3f70-ac46-9f35ad03396c\"}', '[]', '2019-05-01 10:44:57', '2019-05-01 10:44:57'), ('77', '20190501104457326299', '99', '{\"address\":\"\\u6c5f\\u82cf\\u7701\\u82cf\\u5dde\\u5e02\\u76f8\\u57ce\\u533a\\u7b2c41\\u8857\\u9053\\u7b2c951\\u53f7\",\"zip\":556700,\"contact_name\":\"\\u5f20\\u7389\\u534e\",\"contact_phone\":\"17088315912\"}', '24884.00', 'Repudiandae officiis sunt quod quia sint officia.', '2019-04-03 02:01:15', null, 'alipay', '43890f64-82af-3457-8edc-5454b28c5b06', 'pending', null, '0', '1', 'delivered', '{\"express_company\":\"\\u7cbe\\u82af\\u7f51\\u7edc\\u6709\\u9650\\u516c\\u53f8\",\"express_no\":\"15776c40-580f-3aa2-a93c-d276dbd1d686\"}', '[]', '2019-05-01 10:44:57', '2019-05-01 10:44:57'), ('78', '20190501104457118733', '58', '{\"address\":\"\\u6c5f\\u82cf\\u7701\\u82cf\\u5dde\\u5e02\\u76f8\\u57ce\\u533a\\u7b2c58\\u8857\\u9053\\u7b2c562\\u53f7\",\"zip\":286200,\"contact_name\":\"\\u5e9e\\u535a\",\"contact_phone\":\"18197538947\"}', '47604.69', 'Amet et exercitationem qui recusandae placeat.', '2019-04-20 02:16:58', '14', 'alipay', 'a4032e99-6ca9-3f73-b030-158872c71443', 'pending', null, '0', '0', 'delivered', '{\"express_company\":\"\\u826f\\u8bfa\\u7f51\\u7edc\\u6709\\u9650\\u516c\\u53f8\",\"express_no\":\"d91b71b6-786d-35f2-818b-4cf1a51e4c46\"}', '[]', '2019-05-01 10:44:57', '2019-05-01 10:44:57'), ('79', '20190501104457829962', '42', '{\"address\":\"\\u6cb3\\u5317\\u7701\\u77f3\\u5bb6\\u5e84\\u5e02\\u957f\\u5b89\\u533a\\u7b2c0\\u8857\\u9053\\u7b2c777\\u53f7\",\"zip\":668400,\"contact_name\":\"\\u6c6a\\u9633\",\"contact_phone\":\"13682462255\"}', '29784.00', 'Sit veritatis sed corrupti eos amet.', '2019-04-28 17:49:52', null, 'wechat', 'ad5e1f28-3ff3-3eff-bfae-92a3fd57e8da', 'pending', null, '0', '0', 'received', '{\"express_company\":\"\\u534e\\u6210\\u80b2\\u5353\\u4fe1\\u606f\\u6709\\u9650\\u516c\\u53f8\",\"express_no\":\"6de8c3f4-7934-3c0b-9152-585e05adb27f\"}', '[]', '2019-05-01 10:44:57', '2019-05-01 10:44:57'), ('80', '20190501104457368498', '17', '{\"address\":\"\\u6cb3\\u5317\\u7701\\u77f3\\u5bb6\\u5e84\\u5e02\\u957f\\u5b89\\u533a\\u7b2c64\\u8857\\u9053\\u7b2c469\\u53f7\",\"zip\":678200,\"contact_name\":\"\\u5201\\u677e\",\"contact_phone\":\"13484081102\"}', '9303.00', 'Dolore vel autem eius non doloremque sint sunt.', '2019-04-12 04:57:36', null, 'alipay', 'd524e135-412c-39b1-97cc-b8e701461bc3', 'pending', null, '0', '0', 'pending', null, '[]', '2019-05-01 10:44:57', '2019-05-01 10:44:57'), ('81', '20190501104457952573', '40', '{\"address\":\"\\u5317\\u4eac\\u5e02\\u5e02\\u8f96\\u533a\\u4e1c\\u57ce\\u533a\\u7b2c18\\u8857\\u9053\\u7b2c586\\u53f7\",\"zip\":845400,\"contact_name\":\"\\u5f6d\\u971e\",\"contact_phone\":\"13841110989\"}', '59009.00', 'Non et sit placeat suscipit ea officia.', '2019-04-25 20:21:25', null, 'alipay', '62d602d4-fd05-3230-a010-27d30b26c8f0', 'pending', null, '0', '0', 'delivered', '{\"express_company\":\"\\u65f6\\u523b\\u4f20\\u5a92\\u6709\\u9650\\u516c\\u53f8\",\"express_no\":\"d694338e-17ba-39f4-af5a-cf5a07a535dc\"}', '[]', '2019-05-01 10:44:57', '2019-05-01 10:44:57'), ('82', '20190501104457598755', '83', '{\"address\":\"\\u6cb3\\u5317\\u7701\\u77f3\\u5bb6\\u5e84\\u5e02\\u957f\\u5b89\\u533a\\u7b2c88\\u8857\\u9053\\u7b2c436\\u53f7\",\"zip\":148500,\"contact_name\":\"\\u9f99\\u6d9b\",\"contact_phone\":\"17770571304\"}', '7045.00', 'Distinctio nihil doloremque maiores dolorem rerum dicta.', '2019-04-28 07:44:31', null, 'wechat', 'd5cb07e1-f08b-318c-9766-9a6b23e2a10f', 'pending', null, '0', '1', 'received', '{\"express_company\":\"\\u60e0\\u6d3e\\u56fd\\u9645\\u516c\\u53f8\\u7f51\\u7edc\\u6709\\u9650\\u516c\\u53f8\",\"express_no\":\"bb38c053-69e6-3d6e-8df8-ef4a8ce8e1f9\"}', '[]', '2019-05-01 10:44:57', '2019-05-01 10:44:57'), ('83', '20190501104457210900', '48', '{\"address\":\"\\u6c5f\\u82cf\\u7701\\u82cf\\u5dde\\u5e02\\u76f8\\u57ce\\u533a\\u7b2c70\\u8857\\u9053\\u7b2c492\\u53f7\",\"zip\":674900,\"contact_name\":\"\\u67e5\\u6b63\\u8bda\",\"contact_phone\":\"15961838643\"}', '40461.00', 'Veritatis atque autem in modi harum maxime quaerat beatae.', '2019-04-11 10:03:00', null, 'wechat', '2ce5d41d-0240-3a06-b268-f8caa3c627b7', 'pending', null, '0', '1', 'pending', null, '[]', '2019-05-01 10:44:57', '2019-05-01 10:44:57'), ('84', '20190501104457100711', '34', '{\"address\":\"\\u5e7f\\u4e1c\\u7701\\u6df1\\u5733\\u5e02\\u798f\\u7530\\u533a\\u7b2c6\\u8857\\u9053\\u7b2c481\\u53f7\",\"zip\":228500,\"contact_name\":\"\\u7b26\\u5efa\\u5e73\",\"contact_phone\":\"14519837611\"}', '11477.70', 'Soluta quidem et nihil omnis ullam ut eum.', '2019-05-01 07:04:00', '3', 'alipay', 'bb1601f6-2d0a-37e9-95bf-575c92b0a2cc', 'pending', null, '0', '0', 'delivered', '{\"express_company\":\"\\u901a\\u9645\\u540d\\u8054\\u7f51\\u7edc\\u6709\\u9650\\u516c\\u53f8\",\"express_no\":\"1ccfb2af-5137-38a7-b3a7-626138db8916\"}', '[]', '2019-05-01 10:44:57', '2019-05-01 10:44:57'), ('85', '20190501104457002907', '9', '{\"address\":\"\\u5317\\u4eac\\u5e02\\u5e02\\u8f96\\u533a\\u4e1c\\u57ce\\u533a\\u7b2c31\\u8857\\u9053\\u7b2c926\\u53f7\",\"zip\":391500,\"contact_name\":\"\\u6613\\u6842\\u82ac\",\"contact_phone\":\"18975766149\"}', '15604.00', 'Dignissimos sint velit porro laudantium odio dicta earum eum.', '2019-04-27 12:09:54', null, 'alipay', '4273a56e-ea9f-3602-af27-915f1c4df5bc', 'pending', null, '0', '1', 'pending', null, '[]', '2019-05-01 10:44:57', '2019-05-01 10:44:57'), ('86', '20190501104457668736', '40', '{\"address\":\"\\u5317\\u4eac\\u5e02\\u5e02\\u8f96\\u533a\\u4e1c\\u57ce\\u533a\\u7b2c62\\u8857\\u9053\\u7b2c644\\u53f7\",\"zip\":286700,\"contact_name\":\"\\u5173\\u65b0\\u534e\",\"contact_phone\":\"15087252998\"}', '78805.00', 'Sed officiis quaerat modi dicta est.', '2019-04-04 16:55:25', null, 'wechat', '07f1aa5c-7797-3cc9-b4a8-49dfcb19338b', 'pending', null, '0', '1', 'pending', null, '[]', '2019-05-01 10:44:57', '2019-05-01 10:44:57'), ('87', '20190501104457113804', '63', '{\"address\":\"\\u5e7f\\u4e1c\\u7701\\u6df1\\u5733\\u5e02\\u798f\\u7530\\u533a\\u7b2c87\\u8857\\u9053\\u7b2c718\\u53f7\",\"zip\":663200,\"contact_name\":\"\\u7533\\u5a1c\",\"contact_phone\":\"18531965993\"}', '53998.00', 'Blanditiis corporis omnis consequuntur et.', '2019-04-17 18:56:54', null, 'alipay', '6a717720-3e9d-3798-b24d-4fa47a1b3110', 'pending', null, '0', '0', 'delivered', '{\"express_company\":\"\\u6656\\u6765\\u8ba1\\u7b97\\u673a\\u79d1\\u6280\\u6709\\u9650\\u516c\\u53f8\",\"express_no\":\"4ba4cd2b-3835-389a-8e78-fe831b155d3c\"}', '[]', '2019-05-01 10:44:57', '2019-05-01 10:44:57'), ('88', '20190501104457817015', '94', '{\"address\":\"\\u5e7f\\u4e1c\\u7701\\u6df1\\u5733\\u5e02\\u798f\\u7530\\u533a\\u7b2c97\\u8857\\u9053\\u7b2c554\\u53f7\",\"zip\":465400,\"contact_name\":\"\\u987e\\u5f6c\",\"contact_phone\":\"17192017737\"}', '30356.04', 'Placeat officia doloremque consectetur amet.', '2019-04-01 20:18:50', '16', 'wechat', '24dd1a37-8ff8-3a49-b394-0f5e0df9a267', 'pending', null, '0', '1', 'received', '{\"express_company\":\"\\u5546\\u8f6f\\u51a0\\u8054\\u7f51\\u7edc\\u6709\\u9650\\u516c\\u53f8\",\"express_no\":\"735c4f22-d221-324b-bae5-6fd3eb92ddcf\"}', '[]', '2019-05-01 10:44:57', '2019-05-01 10:44:57'), ('89', '20190501104457354285', '27', '{\"address\":\"\\u6cb3\\u5317\\u7701\\u77f3\\u5bb6\\u5e84\\u5e02\\u957f\\u5b89\\u533a\\u7b2c11\\u8857\\u9053\\u7b2c177\\u53f7\",\"zip\":81300,\"contact_name\":\"\\u6c99\\u65ed\",\"contact_phone\":\"13488394049\"}', '3768.00', 'Voluptas ut quia porro itaque.', '2019-04-03 04:05:46', null, 'alipay', '9ac938be-3641-34dc-9e25-5d5ae527fbe0', 'pending', null, '0', '1', 'pending', null, '[]', '2019-05-01 10:44:57', '2019-05-01 10:44:57'), ('90', '20190501104457983795', '5', '{\"address\":\"\\u6c5f\\u82cf\\u7701\\u82cf\\u5dde\\u5e02\\u76f8\\u57ce\\u533a\\u7b2c14\\u8857\\u9053\\u7b2c902\\u53f7\",\"zip\":192900,\"contact_name\":\"\\u82cf\\u5fd7\\u5f3a\",\"contact_phone\":\"18896254957\"}', '12670.00', 'Et unde culpa quia id.', '2019-04-30 20:50:34', null, 'wechat', '7ef1d68b-8e14-3a76-be25-97a586db1313', 'pending', null, '0', '1', 'pending', null, '[]', '2019-05-01 10:44:57', '2019-05-01 10:44:57'), ('91', '20190501104457253659', '59', '{\"address\":\"\\u6cb3\\u5317\\u7701\\u77f3\\u5bb6\\u5e84\\u5e02\\u957f\\u5b89\\u533a\\u7b2c84\\u8857\\u9053\\u7b2c399\\u53f7\",\"zip\":61600,\"contact_name\":\"\\u595a\\u51b0\\u51b0\",\"contact_phone\":\"15173045550\"}', '3316.00', 'Doloribus non enim eum suscipit odio sunt.', '2019-04-04 19:47:44', null, 'wechat', 'dcb5d9db-801f-3306-97e3-8c5ee74f598d', 'pending', null, '0', '1', 'received', '{\"express_company\":\"\\u6d59\\u5927\\u4e07\\u670b\\u79d1\\u6280\\u6709\\u9650\\u516c\\u53f8\",\"express_no\":\"e06d1335-0f43-3e10-8df9-3a3b4b6074d9\"}', '[]', '2019-05-01 10:44:57', '2019-05-01 10:44:57'), ('92', '20190501104457855939', '29', '{\"address\":\"\\u6c5f\\u82cf\\u7701\\u82cf\\u5dde\\u5e02\\u76f8\\u57ce\\u533a\\u7b2c85\\u8857\\u9053\\u7b2c604\\u53f7\",\"zip\":726400,\"contact_name\":\"\\u4f0f\\u8d85\",\"contact_phone\":\"15289774207\"}', '17280.00', 'Nihil omnis autem magni illo soluta et.', '2019-04-25 09:49:35', null, 'wechat', '9fc44ccc-1213-3c03-85f7-a28c710cbf18', 'pending', null, '0', '1', 'delivered', '{\"express_company\":\"\\u827e\\u63d0\\u79d1\\u4fe1\\u4f20\\u5a92\\u6709\\u9650\\u516c\\u53f8\",\"express_no\":\"35d47083-d916-383a-b6e2-73925621ec8c\"}', '[]', '2019-05-01 10:44:57', '2019-05-01 10:44:57'), ('93', '20190501104457838412', '3', '{\"address\":\"\\u5e7f\\u4e1c\\u7701\\u6df1\\u5733\\u5e02\\u798f\\u7530\\u533a\\u7b2c1\\u8857\\u9053\\u7b2c687\\u53f7\",\"zip\":55100,\"contact_name\":\"\\u51bc\\u79c0\\u4e91\",\"contact_phone\":\"13127621462\"}', '38240.00', 'Sint ut sint provident.', '2019-04-20 11:59:08', null, 'alipay', '8ce36886-23ab-3435-a352-3d1525649712', 'pending', null, '0', '0', 'received', '{\"express_company\":\"\\u660e\\u817e\\u7f51\\u7edc\\u6709\\u9650\\u516c\\u53f8\",\"express_no\":\"93d29243-e4e9-396a-be91-27b289cb8e00\"}', '[]', '2019-05-01 10:44:57', '2019-05-01 10:44:57'), ('94', '20190501104457901426', '87', '{\"address\":\"\\u5317\\u4eac\\u5e02\\u5e02\\u8f96\\u533a\\u4e1c\\u57ce\\u533a\\u7b2c12\\u8857\\u9053\\u7b2c660\\u53f7\",\"zip\":164300,\"contact_name\":\"\\u90c1\\u65b0\\u534e\",\"contact_phone\":\"13700285551\"}', '24797.50', 'Consequatur temporibus iure in atque.', '2019-04-08 06:03:50', '3', 'alipay', '442c3f3e-18f1-3ae4-8679-968dad882551', 'success', '1ffd7f8efb4442ea9871e152eb25df2a', '0', '0', 'received', '{\"express_company\":\"\\u6d4e\\u5357\\u4ebf\\u6b21\\u5143\\u4f20\\u5a92\\u6709\\u9650\\u516c\\u53f8\",\"express_no\":\"b66f9cda-700d-3c9e-8174-c2cacab2c0ec\"}', '{\"refund_reason\":\"Fugit ipsa blanditiis rem et nam voluptatibus voluptas.\"}', '2019-05-01 10:44:57', '2019-05-01 10:44:57'), ('95', '20190501104457361373', '60', '{\"address\":\"\\u5317\\u4eac\\u5e02\\u5e02\\u8f96\\u533a\\u4e1c\\u57ce\\u533a\\u7b2c42\\u8857\\u9053\\u7b2c493\\u53f7\",\"zip\":124800,\"contact_name\":\"\\u5a04\\u654f\",\"contact_phone\":\"17181781233\"}', '70657.00', 'Sunt distinctio quaerat sit sit labore.', '2019-04-27 19:25:07', null, 'alipay', 'cb34b879-e175-3df2-8342-cf8b5bc2e5e9', 'pending', null, '0', '0', 'received', '{\"express_company\":\"\\u8bfa\\u4f9d\\u66fc\\u8f6f\\u4ef6\\u4fe1\\u606f\\u6709\\u9650\\u516c\\u53f8\",\"express_no\":\"4ca62bc6-cae5-3c5a-8720-0d7a5eb37d88\"}', '[]', '2019-05-01 10:44:57', '2019-05-01 10:44:57'), ('96', '20190501104457048309', '54', '{\"address\":\"\\u5317\\u4eac\\u5e02\\u5e02\\u8f96\\u533a\\u4e1c\\u57ce\\u533a\\u7b2c76\\u8857\\u9053\\u7b2c973\\u53f7\",\"zip\":373400,\"contact_name\":\"\\u534e\\u5609\\u4fca\",\"contact_phone\":\"18144730313\"}', '15338.10', 'Corrupti vitae odit distinctio nulla perferendis.', '2019-04-02 21:45:16', '16', 'wechat', '6bd40f66-3e62-3c04-9ea4-a5906dfca31d', 'pending', null, '0', '0', 'delivered', '{\"express_company\":\"\\u7f51\\u65b0\\u6052\\u5929\\u4f20\\u5a92\\u6709\\u9650\\u516c\\u53f8\",\"express_no\":\"1c4b6a7a-d2be-36db-b8b9-9f5d3de20372\"}', '[]', '2019-05-01 10:44:57', '2019-05-01 10:44:57'), ('97', '20190501104457688499', '47', '{\"address\":\"\\u5317\\u4eac\\u5e02\\u5e02\\u8f96\\u533a\\u4e1c\\u57ce\\u533a\\u7b2c22\\u8857\\u9053\\u7b2c271\\u53f7\",\"zip\":642300,\"contact_name\":\"\\u59da\\u5a1c\",\"contact_phone\":\"15314684988\"}', '38149.12', 'Culpa quisquam tempora adipisci sunt nesciunt optio quos.', '2019-04-07 15:38:52', '19', 'alipay', 'bba84658-f06d-3dc1-b85e-6c220efbd3b7', 'pending', null, '0', '1', 'received', '{\"express_company\":\"\\u7ef4\\u6d9b\\u79d1\\u6280\\u6709\\u9650\\u516c\\u53f8\",\"express_no\":\"044d19ca-cfd3-31c5-89fe-b3d09dc869b2\"}', '[]', '2019-05-01 10:44:57', '2019-05-01 10:44:57'), ('98', '20190501104457840302', '5', '{\"address\":\"\\u6c5f\\u82cf\\u7701\\u82cf\\u5dde\\u5e02\\u76f8\\u57ce\\u533a\\u7b2c14\\u8857\\u9053\\u7b2c902\\u53f7\",\"zip\":192900,\"contact_name\":\"\\u82cf\\u5fd7\\u5f3a\",\"contact_phone\":\"18896254957\"}', '1472.00', 'Repellendus quam voluptate eligendi neque consequatur.', '2019-04-02 12:45:12', null, 'alipay', '5ae96562-d505-3fed-8c97-9286c1ef10c7', 'pending', null, '0', '0', 'delivered', '{\"express_company\":\"\\u8fea\\u6469\\u4f20\\u5a92\\u6709\\u9650\\u516c\\u53f8\",\"express_no\":\"70ef6701-17b4-321f-b28d-315b76351018\"}', '[]', '2019-05-01 10:44:57', '2019-05-01 10:44:57'), ('99', '20190501104457120375', '96', '{\"address\":\"\\u5317\\u4eac\\u5e02\\u5e02\\u8f96\\u533a\\u4e1c\\u57ce\\u533a\\u7b2c95\\u8857\\u9053\\u7b2c703\\u53f7\",\"zip\":438500,\"contact_name\":\"\\u7eaa\\u79c0\\u82b3\",\"contact_phone\":\"17083778712\"}', '50574.00', 'Et provident quam at.', '2019-04-08 20:16:12', null, 'alipay', '2ee1d30f-25d5-3f1c-b212-e84cf5701d26', 'pending', null, '0', '1', 'pending', null, '[]', '2019-05-01 10:44:57', '2019-05-01 10:44:57'), ('100', '20190501104457762116', '42', '{\"address\":\"\\u6cb3\\u5317\\u7701\\u77f3\\u5bb6\\u5e84\\u5e02\\u957f\\u5b89\\u533a\\u7b2c0\\u8857\\u9053\\u7b2c777\\u53f7\",\"zip\":668400,\"contact_name\":\"\\u6c6a\\u9633\",\"contact_phone\":\"13682462255\"}', '48726.00', 'Optio repellendus esse tenetur repellat porro.', '2019-04-13 10:57:21', null, 'wechat', '44af9acb-8a1f-35f1-9bfc-fe2623e4b745', 'pending', null, '0', '1', 'received', '{\"express_company\":\"\\u7ef4\\u6d9b\\u4f20\\u5a92\\u6709\\u9650\\u516c\\u53f8\",\"express_no\":\"e2b1bd52-8848-361c-a454-c8f0858f7fa9\"}', '[]', '2019-05-01 10:44:57', '2019-05-01 10:44:57'), ('101', '20190512102636572771', '109', '{\"address\":\"\\u5e7f\\u4e1c\\u7701\\u5e7f\\u5dde\\u5e02\\u5929\\u6cb3\\u533a\\u5e7f\\u4e1c\\u7701\\u5e7f\\u5dde\\u5e02\\u5929\\u6cb3\\u533a\\u4e94\\u5c71\\u8857\\u9053\\u4e2d\\u516c\\u6559\\u80b2\\u5927\\u590f\",\"zip\":529000,\"contact_name\":\"RedBo He\",\"contact_phone\":\"13925185624\"}', '1729.00', null, null, null, null, null, 'pending', null, '1', '0', 'pending', null, null, '2019-05-12 10:26:36', '2019-05-12 10:26:36');
COMMIT;

-- ----------------------------
--  Table structure for `password_resets`
-- ----------------------------
DROP TABLE IF EXISTS `password_resets`;
CREATE TABLE `password_resets` (
  `email` varchar(255) COLLATE utf8mb4_unicode_ci NOT NULL,
  `token` varchar(255) COLLATE utf8mb4_unicode_ci NOT NULL,
  `created_at` timestamp NULL DEFAULT NULL,
  KEY `password_resets_email_index` (`email`)
) ENGINE=InnoDB DEFAULT CHARSET=utf8mb4 COLLATE=utf8mb4_unicode_ci;

-- ----------------------------
--  Table structure for `product_attributes`
-- ----------------------------
DROP TABLE IF EXISTS `product_attributes`;
CREATE TABLE `product_attributes` (
  `id` int(10) unsigned NOT NULL AUTO_INCREMENT COMMENT '主键ID',
  `product_id` int(11) NOT NULL DEFAULT '0' COMMENT '商品ID',
  `name` varchar(100) COLLATE utf8mb4_unicode_ci NOT NULL DEFAULT '' COMMENT '属性名称',
  `hasmany` varchar(5) COLLATE utf8mb4_unicode_ci NOT NULL DEFAULT '1' COMMENT '属性是否可选: 1为可选，0为不可选',
  `val` varchar(200) COLLATE utf8mb4_unicode_ci NOT NULL DEFAULT '' COMMENT '属性为不可选时该项为必填',
  `is_search` varchar(255) COLLATE utf8mb4_unicode_ci NOT NULL DEFAULT '1' COMMENT '是否参与分面搜索,0为不参与，1为参与',
  `created_at` timestamp NOT NULL DEFAULT CURRENT_TIMESTAMP COMMENT '创建时间',
  `updated_at` timestamp NOT NULL DEFAULT CURRENT_TIMESTAMP ON UPDATE CURRENT_TIMESTAMP COMMENT '更新时间',
  PRIMARY KEY (`id`),
  KEY `product_attributes_product_id_index` (`product_id`)
) ENGINE=InnoDB AUTO_INCREMENT=5 DEFAULT CHARSET=utf8mb4 COLLATE=utf8mb4_unicode_ci COMMENT='商品属性表';

-- ----------------------------
--  Records of `product_attributes`
-- ----------------------------
BEGIN;
INSERT INTO `product_attributes` VALUES ('3', '38', '颜色', '1', '', '1', '2019-05-10 19:05:11', '2019-05-10 19:05:11'), ('4', '38', '版本', '1', '', '1', '2019-05-10 19:05:11', '2019-05-10 19:05:11');
COMMIT;

-- ----------------------------
--  Table structure for `product_skus`
-- ----------------------------
DROP TABLE IF EXISTS `product_skus`;
CREATE TABLE `product_skus` (
  `id` int(10) unsigned NOT NULL AUTO_INCREMENT COMMENT '主键ID',
  `title` varchar(100) COLLATE utf8mb4_unicode_ci NOT NULL DEFAULT '' COMMENT 'sku属性名称',
  `description` varchar(255) COLLATE utf8mb4_unicode_ci NOT NULL COMMENT 'sku 描述',
  `price` decimal(10,2) NOT NULL DEFAULT '0.00' COMMENT 'sku 价格',
  `stock` int(10) unsigned NOT NULL DEFAULT '0' COMMENT '库存',
  `product_id` int(10) unsigned NOT NULL DEFAULT '0' COMMENT '商品ID',
  `attributes` varchar(100) COLLATE utf8mb4_unicode_ci NOT NULL DEFAULT '' COMMENT '商品属性记录ID',
  `created_at` timestamp NOT NULL DEFAULT CURRENT_TIMESTAMP COMMENT '创建时间',
  `updated_at` timestamp NOT NULL DEFAULT CURRENT_TIMESTAMP ON UPDATE CURRENT_TIMESTAMP COMMENT '更新时间',
  PRIMARY KEY (`id`),
  KEY `product_skus_product_id_foreign` (`product_id`),
  CONSTRAINT `product_skus_product_id_foreign` FOREIGN KEY (`product_id`) REFERENCES `products` (`id`) ON DELETE CASCADE
) ENGINE=InnoDB AUTO_INCREMENT=120 DEFAULT CHARSET=utf8mb4 COLLATE=utf8mb4_unicode_ci COMMENT='商品SKU关联表';

-- ----------------------------
--  Records of `product_skus`
-- ----------------------------
BEGIN;
INSERT INTO `product_skus` VALUES ('7', 'quae', 'Quod tempora nihil velit voluptas.', '7925.00', '51670', '3', '', '2019-05-06 23:01:18', '2019-05-06 23:01:18'), ('8', 'reiciendis', 'Modi deleniti delectus molestiae porro et quibusdam nemo.', '3026.00', '18315', '3', '', '2019-05-06 23:01:18', '2019-05-06 23:01:18'), ('9', 'sunt', 'Qui quaerat laborum omnis labore eveniet unde.', '6483.00', '66685', '3', '', '2019-05-06 23:01:18', '2019-05-06 23:01:18'), ('10', 'consequuntur', 'Pariatur est sed aperiam molestias quo perferendis.', '9847.00', '51120', '4', '', '2019-05-06 23:01:18', '2019-05-06 23:01:18'), ('11', 'ut', 'Quaerat pariatur et voluptatibus delectus non eum.', '6998.00', '99209', '4', '', '2019-05-06 23:01:18', '2019-05-06 23:01:18'), ('12', 'ea', 'Quaerat maxime sed est amet amet rerum nostrum.', '3627.00', '76814', '4', '', '2019-05-06 23:01:18', '2019-05-06 23:01:18'), ('13', 'eum', 'Distinctio esse quidem necessitatibus.', '9470.00', '93253', '5', '', '2019-05-06 23:01:18', '2019-05-06 23:01:18'), ('14', 'rem', 'Corporis voluptatem minus autem eum beatae.', '9100.00', '60865', '5', '', '2019-05-06 23:01:18', '2019-05-06 23:01:18'), ('15', 'aliquid', 'In debitis possimus aut doloremque hic vitae architecto.', '9665.00', '56749', '5', '', '2019-05-06 23:01:18', '2019-05-06 23:01:18'), ('16', 'et', 'Rerum et unde sunt inventore vitae ea.', '5290.00', '14548', '6', '', '2019-05-06 23:01:18', '2019-05-06 23:01:18'), ('17', 'recusandae', 'Accusamus nihil in in voluptas doloribus ea.', '8944.00', '10441', '6', '', '2019-05-06 23:01:18', '2019-05-06 23:01:18'), ('18', 'perspiciatis', 'Rerum sit quaerat minima dignissimos repudiandae expedita.', '8072.00', '17093', '6', '', '2019-05-06 23:01:18', '2019-05-06 23:01:18'), ('19', 'vel', 'Ducimus a et ipsam id.', '2720.00', '85869', '7', '', '2019-05-06 23:01:18', '2019-05-06 23:01:18'), ('20', 'quaerat', 'Nam ea reprehenderit illo accusantium et.', '2836.00', '25357', '7', '', '2019-05-06 23:01:18', '2019-05-06 23:01:18'), ('21', 'fuga', 'Odit accusamus ex unde tenetur sunt.', '4827.00', '5140', '7', '', '2019-05-06 23:01:18', '2019-05-06 23:01:18'), ('22', 'ea', 'Quis ducimus consectetur dicta et qui.', '2747.00', '42284', '8', '', '2019-05-06 23:01:18', '2019-05-06 23:01:18'), ('23', 'nemo', 'Dolores molestiae quia accusantium occaecati voluptate vel accusamus.', '4871.00', '78773', '8', '', '2019-05-06 23:01:18', '2019-05-06 23:01:18'), ('24', 'consectetur', 'Illum officiis odit magni excepturi.', '9769.00', '83276', '8', '', '2019-05-06 23:01:18', '2019-05-06 23:01:18'), ('25', 'rem', 'Ea culpa deserunt modi.', '2837.00', '32769', '9', '', '2019-05-06 23:01:18', '2019-05-06 23:01:18'), ('26', 'laborum', 'Aut natus reprehenderit praesentium in voluptatibus.', '3628.00', '43200', '9', '', '2019-05-06 23:01:18', '2019-05-06 23:01:18'), ('27', 'aut', 'Dolor voluptates ipsum optio cum ex.', '5548.00', '72447', '9', '', '2019-05-06 23:01:18', '2019-05-06 23:01:18'), ('28', 'quaerat', 'Beatae ut voluptatem similique placeat.', '2865.00', '83091', '10', '', '2019-05-06 23:01:18', '2019-05-06 23:01:18'), ('29', 'ducimus', 'Et et eos vitae totam.', '9734.00', '48662', '10', '', '2019-05-06 23:01:18', '2019-05-06 23:01:18'), ('30', 'velit', 'Qui id corporis quia quis perferendis debitis alias.', '6009.00', '97143', '10', '', '2019-05-06 23:01:18', '2019-05-06 23:01:18'), ('31', 'non', 'Qui rerum laboriosam amet quis.', '5931.00', '14066', '11', '', '2019-05-06 23:01:18', '2019-05-06 23:01:18'), ('32', 'autem', 'Quia et aut non ex saepe.', '705.00', '57863', '11', '', '2019-05-06 23:01:18', '2019-05-06 23:01:18'), ('33', 'modi', 'Vero pariatur molestiae facere et asperiores quae.', '3061.00', '94488', '11', '', '2019-05-06 23:01:18', '2019-05-06 23:01:18'), ('34', 'molestiae', 'Voluptatibus pariatur et et repellendus accusamus.', '6516.00', '15668', '12', '', '2019-05-06 23:01:18', '2019-05-06 23:01:18'), ('35', 'repellendus', 'Et ad quia voluptates itaque.', '1724.00', '42550', '12', '', '2019-05-06 23:01:18', '2019-05-06 23:01:18'), ('36', 'suscipit', 'Iste adipisci quo distinctio harum.', '3625.00', '46688', '12', '', '2019-05-06 23:01:18', '2019-05-06 23:01:18'), ('37', 'maxime', 'Eos harum aperiam iusto quibusdam ipsa non rem non.', '3953.00', '8416', '13', '', '2019-05-06 23:01:18', '2019-05-06 23:01:18'), ('38', 'assumenda', 'Tenetur illo tempora quae nemo.', '8284.00', '37118', '13', '', '2019-05-06 23:01:18', '2019-05-06 23:01:18'), ('39', 'et', 'Quas rerum optio corrupti omnis aperiam omnis est.', '5102.00', '84012', '13', '', '2019-05-06 23:01:18', '2019-05-06 23:01:18'), ('40', 'eius', 'Autem quo eum recusandae est amet magnam veritatis et.', '6823.00', '55766', '14', '', '2019-05-06 23:01:18', '2019-05-06 23:01:18'), ('41', 'assumenda', 'Corporis odio nesciunt eos voluptas reprehenderit.', '2399.00', '82166', '14', '', '2019-05-06 23:01:18', '2019-05-06 23:01:18'), ('42', 'similique', 'Sed nesciunt vel sunt quia quo error ut.', '1505.00', '64100', '14', '', '2019-05-06 23:01:18', '2019-05-06 23:01:18'), ('43', 'porro', 'Esse ut aut officiis optio blanditiis ut.', '9652.00', '44169', '15', '', '2019-05-06 23:01:18', '2019-05-06 23:01:18'), ('44', 'reiciendis', 'Voluptates in qui consequatur voluptas.', '2850.00', '60934', '15', '', '2019-05-06 23:01:18', '2019-05-06 23:01:18'), ('45', 'facilis', 'Iusto quis et qui est iusto rerum.', '6365.00', '78400', '15', '', '2019-05-06 23:01:18', '2019-05-06 23:01:18'), ('46', 'consequatur', 'Placeat voluptatibus modi explicabo accusamus ut.', '5765.00', '13548', '16', '', '2019-05-06 23:01:18', '2019-05-06 23:01:18'), ('47', 'suscipit', 'Omnis dolorem ut qui nisi.', '4401.00', '7768', '16', '', '2019-05-06 23:01:18', '2019-05-06 23:01:18'), ('48', 'corrupti', 'Error dolorem optio omnis eos dolorum sint ut.', '1622.00', '79084', '16', '', '2019-05-06 23:01:18', '2019-05-06 23:01:18'), ('49', 'et', 'Corrupti dolores reiciendis ad suscipit earum.', '3928.00', '38673', '17', '', '2019-05-06 23:01:18', '2019-05-06 23:01:18'), ('50', 'molestias', 'Illo quia voluptate sit doloremque natus.', '273.00', '7874', '17', '', '2019-05-06 23:01:18', '2019-05-06 23:01:18'), ('51', 'molestiae', 'Dolorum quae eum qui repellat aperiam.', '4979.00', '8444', '17', '', '2019-05-06 23:01:18', '2019-05-06 23:01:18'), ('52', 'dolores', 'Occaecati eum quaerat numquam quo tenetur.', '4293.00', '41490', '18', '', '2019-05-06 23:01:18', '2019-05-06 23:01:18'), ('53', 'natus', 'Quaerat quia esse laboriosam commodi unde tempora.', '1811.00', '45340', '18', '', '2019-05-06 23:01:18', '2019-05-06 23:01:18'), ('54', 'tempora', 'Nihil ipsa aliquam quo sit et mollitia porro.', '518.00', '71852', '18', '', '2019-05-06 23:01:18', '2019-05-06 23:01:18'), ('55', 'veniam', 'Dicta vitae veritatis saepe omnis earum.', '3278.00', '15389', '19', '', '2019-05-06 23:01:18', '2019-05-06 23:01:18'), ('56', 'vitae', 'Aut nobis vel fugiat culpa perferendis et qui.', '1729.00', '89294', '19', '', '2019-05-06 23:01:18', '2019-05-12 10:26:36'), ('57', 'excepturi', 'Unde vel omnis porro tenetur quisquam hic.', '1757.00', '30807', '19', '', '2019-05-06 23:01:18', '2019-05-06 23:01:18'), ('58', 'qui', 'Quia autem aliquid sint ducimus.', '5837.00', '99272', '20', '', '2019-05-06 23:01:18', '2019-05-06 23:01:18'), ('59', 'pariatur', 'Nulla provident ut vel laboriosam.', '2378.00', '3144', '20', '', '2019-05-06 23:01:18', '2019-05-06 23:01:18'), ('60', 'blanditiis', 'Rem perferendis in omnis earum veniam quis.', '9474.00', '77192', '20', '', '2019-05-06 23:01:18', '2019-05-06 23:01:18'), ('61', 'nobis', 'Ut recusandae quibusdam ex laborum.', '4291.00', '316', '21', '', '2019-05-06 23:01:18', '2019-05-06 23:01:18'), ('62', 'maiores', 'Rerum et culpa impedit dolores.', '3136.00', '19610', '21', '', '2019-05-06 23:01:18', '2019-05-06 23:01:18'), ('63', 'cupiditate', 'Voluptates repellat ratione assumenda nulla.', '8082.00', '54278', '21', '', '2019-05-06 23:01:18', '2019-05-06 23:01:18'), ('64', 'quo', 'Sed maxime ad vel quasi ut aut laborum et.', '5213.00', '38486', '22', '', '2019-05-06 23:01:18', '2019-05-06 23:01:18'), ('65', 'natus', 'Aspernatur quae molestias cum ut distinctio assumenda alias.', '7556.00', '32504', '22', '', '2019-05-06 23:01:18', '2019-05-06 23:01:18'), ('66', 'facilis', 'Possimus voluptate cumque ratione.', '4114.00', '60989', '22', '', '2019-05-06 23:01:18', '2019-05-06 23:01:18'), ('67', 'sed', 'Ratione molestias deleniti aut ipsum sapiente distinctio quia.', '3407.00', '35366', '23', '', '2019-05-06 23:01:18', '2019-05-06 23:01:18'), ('68', 'delectus', 'Libero cupiditate non blanditiis totam.', '5144.00', '99952', '23', '', '2019-05-06 23:01:18', '2019-05-06 23:01:18'), ('69', 'ipsa', 'Eos quasi quia voluptas tempora.', '364.00', '84788', '23', '', '2019-05-06 23:01:18', '2019-05-06 23:01:18'), ('70', 'laudantium', 'Possimus eveniet dolorum deserunt iusto fugit eos tenetur.', '3498.00', '73505', '24', '', '2019-05-06 23:01:18', '2019-05-06 23:01:18'), ('71', 'optio', 'Qui est error illo est doloribus dicta.', '9122.00', '89180', '24', '', '2019-05-06 23:01:18', '2019-05-06 23:01:18'), ('72', 'fuga', 'Ullam corrupti dolor eius corporis natus cum ratione.', '5736.00', '38177', '24', '', '2019-05-06 23:01:18', '2019-05-06 23:01:18'), ('73', 'beatae', 'Quasi voluptatibus fugiat unde et non cupiditate maiores molestiae.', '5693.00', '89078', '25', '', '2019-05-06 23:01:18', '2019-05-06 23:01:18'), ('74', 'recusandae', 'Magnam neque necessitatibus veritatis eos quibusdam deleniti.', '5657.00', '74289', '25', '', '2019-05-06 23:01:18', '2019-05-06 23:01:18'), ('75', 'eius', 'Ut laboriosam aut dolores voluptates quia assumenda fuga.', '9466.00', '510', '25', '', '2019-05-06 23:01:18', '2019-05-06 23:01:18'), ('76', 'sint', 'Cupiditate est harum sit cupiditate exercitationem quia.', '67.00', '60465', '26', '', '2019-05-06 23:01:18', '2019-05-06 23:01:18'), ('77', 'voluptatem', 'Expedita tempora quos ratione soluta.', '1190.00', '13175', '26', '', '2019-05-06 23:01:18', '2019-05-06 23:01:18'), ('78', 'amet', 'Sit fugiat laboriosam nobis aut et eos magnam.', '3619.00', '51428', '26', '', '2019-05-06 23:01:18', '2019-05-06 23:01:18'), ('79', 'ut', 'A libero et quia nesciunt eligendi atque velit in.', '4403.00', '33129', '27', '', '2019-05-06 23:01:18', '2019-05-06 23:01:18'), ('80', 'eum', 'Temporibus aut nobis enim corrupti quia adipisci.', '6645.00', '38238', '27', '', '2019-05-06 23:01:18', '2019-05-06 23:01:18'), ('81', 'recusandae', 'Doloribus labore consequatur iste.', '3150.00', '63565', '27', '', '2019-05-06 23:01:18', '2019-05-06 23:01:18'), ('82', 'eaque', 'Earum dolor quia perspiciatis ab in cum qui.', '7091.00', '69170', '28', '', '2019-05-06 23:01:18', '2019-05-06 23:01:18'), ('83', 'ad', 'Eos facilis ratione explicabo sit qui.', '9723.00', '23753', '28', '', '2019-05-06 23:01:18', '2019-05-06 23:01:18'), ('84', 'qui', 'Quia sapiente quam tempora quam.', '4821.00', '19136', '28', '', '2019-05-06 23:01:18', '2019-05-06 23:01:18'), ('85', 'explicabo', 'Vero nobis exercitationem suscipit cupiditate quidem magni.', '2575.00', '4206', '29', '', '2019-05-06 23:01:18', '2019-05-06 23:01:18'), ('86', 'aliquid', 'Qui id nobis quis molestias.', '1928.00', '17542', '29', '', '2019-05-06 23:01:18', '2019-05-06 23:01:18'), ('87', 'mollitia', 'Nostrum quasi quasi voluptatem sed.', '6826.00', '99149', '29', '', '2019-05-06 23:01:18', '2019-05-06 23:01:18'), ('88', 'dolores', 'Nulla explicabo eligendi placeat.', '4970.00', '26630', '30', '', '2019-05-06 23:01:18', '2019-05-06 23:01:18'), ('89', 'dolores', 'Unde ipsa aut itaque magni.', '2521.00', '2512', '30', '', '2019-05-06 23:01:18', '2019-05-06 23:01:18'), ('90', 'et', 'Facilis autem rerum voluptas numquam tempore.', '1309.00', '81052', '30', '', '2019-05-06 23:01:18', '2019-05-06 23:01:18'), ('119', '深空灰,正式版', 'Apple 苹果 iPhone X 全面屏手机 深空灰 正式版', '6000.00', '10', '38', '13,16', '2019-05-10 19:10:44', '2019-05-26 16:13:48');
COMMIT;

-- ----------------------------
--  Table structure for `products`
-- ----------------------------
DROP TABLE IF EXISTS `products`;
CREATE TABLE `products` (
  `id` int(10) unsigned NOT NULL AUTO_INCREMENT COMMENT '主键ID',
  `type` varchar(255) COLLATE utf8mb4_unicode_ci NOT NULL DEFAULT 'normal' COMMENT '商品类型',
  `title` varchar(255) COLLATE utf8mb4_unicode_ci NOT NULL DEFAULT '' COMMENT '商品标题',
  `long_title` varchar(255) COLLATE utf8mb4_unicode_ci NOT NULL DEFAULT '' COMMENT '商品长标题',
  `category_id` int(10) unsigned NOT NULL DEFAULT '0' COMMENT '商品分类',
  `description` text COLLATE utf8mb4_unicode_ci NOT NULL COMMENT '商品描述',
  `image` varchar(255) COLLATE utf8mb4_unicode_ci NOT NULL DEFAULT '' COMMENT '商品图片',
  `on_sale` tinyint(4) NOT NULL DEFAULT '0' COMMENT '上架状态',
  `rating` double(8,2) NOT NULL DEFAULT '5.00' COMMENT '商品评分',
  `sold_count` int(10) unsigned NOT NULL DEFAULT '0' COMMENT '销量',
  `review_count` int(10) unsigned NOT NULL DEFAULT '0' COMMENT '评论数',
  `price` decimal(10,2) NOT NULL DEFAULT '0.00' COMMENT '商品价格',
  `created_at` timestamp NOT NULL DEFAULT CURRENT_TIMESTAMP COMMENT '创建时间',
  `updated_at` timestamp NOT NULL DEFAULT CURRENT_TIMESTAMP ON UPDATE CURRENT_TIMESTAMP COMMENT '更新时间',
  PRIMARY KEY (`id`),
  KEY `products_type_index` (`type`)
) ENGINE=InnoDB AUTO_INCREMENT=39 DEFAULT CHARSET=utf8mb4 COLLATE=utf8mb4_unicode_ci COMMENT='商品信息表';

-- ----------------------------
--  Records of `products`
-- ----------------------------
BEGIN;
INSERT INTO `products` VALUES ('3', 'normal', 'minima', '', '0', 'Omnis soluta facilis ab rerum necessitatibus blanditiis sit.', 'https://lccdn.phphub.org/uploads/images/201806/01/5320/uYEHCJ1oRp.jpg', '1', '1.00', '0', '0', '3026.00', '2019-05-06 23:01:18', '2019-05-06 23:01:18'), ('4', 'normal', 'modi', '', '0', 'Magnam nulla vel magni itaque asperiores repellendus.', 'https://lccdn.phphub.org/uploads/images/201806/01/5320/1B3n0ATKrn.jpg', '1', '1.00', '0', '0', '3627.00', '2019-05-06 23:01:18', '2019-05-06 23:01:18'), ('5', 'normal', 'nam', '', '0', 'Nulla quam incidunt officia quisquam quisquam.', 'https://lccdn.phphub.org/uploads/images/201806/01/5320/pa7DrV43Mw.jpg', '1', '1.00', '0', '0', '9100.00', '2019-05-06 23:01:18', '2019-05-06 23:01:18'), ('6', 'normal', 'vero', '', '0', 'Nisi aut occaecati nesciunt vitae debitis eveniet sapiente.', 'https://lccdn.phphub.org/uploads/images/201806/01/5320/2JMRaFwRpo.jpg', '1', '5.00', '0', '0', '5290.00', '2019-05-06 23:01:18', '2019-05-06 23:01:18'), ('7', 'normal', 'maxime', '', '0', 'Architecto incidunt facere fugiat voluptates saepe iste eum.', 'https://lccdn.phphub.org/uploads/images/201806/01/5320/2JMRaFwRpo.jpg', '1', '1.00', '0', '0', '2720.00', '2019-05-06 23:01:18', '2019-05-06 23:01:18'), ('8', 'normal', 'est', '', '0', 'Dolorum qui ad distinctio rerum dolor non molestiae consequatur.', 'https://lccdn.phphub.org/uploads/images/201806/01/5320/82Wf2sg8gM.jpg', '1', '1.00', '0', '0', '2747.00', '2019-05-06 23:01:18', '2019-05-06 23:01:18'), ('9', 'normal', 'harum', '', '0', 'Reiciendis nisi sint qui sit.', 'https://lccdn.phphub.org/uploads/images/201806/01/5320/82Wf2sg8gM.jpg', '1', '4.00', '0', '0', '2837.00', '2019-05-06 23:01:18', '2019-05-06 23:01:18'), ('10', 'normal', 'sunt', '', '0', 'Maxime autem enim ut et.', 'https://lccdn.phphub.org/uploads/images/201806/01/5320/82Wf2sg8gM.jpg', '1', '3.00', '0', '0', '2865.00', '2019-05-06 23:01:18', '2019-05-06 23:01:18'), ('11', 'normal', 'aut', '', '0', 'Fuga qui architecto dolor necessitatibus quia inventore.', 'https://lccdn.phphub.org/uploads/images/201806/01/5320/uYEHCJ1oRp.jpg', '1', '0.00', '0', '0', '705.00', '2019-05-06 23:01:18', '2019-05-06 23:01:18'), ('12', 'normal', 'dignissimos', '', '0', 'Molestiae cum aliquam omnis qui eius porro laboriosam nostrum.', 'https://lccdn.phphub.org/uploads/images/201806/01/5320/2JMRaFwRpo.jpg', '1', '1.00', '0', '0', '1724.00', '2019-05-06 23:01:18', '2019-05-06 23:01:18'), ('13', 'normal', 'sunt', '', '0', 'Quam cum quas eligendi sed id explicabo et.', 'https://lccdn.phphub.org/uploads/images/201806/01/5320/C0bVuKB2nt.jpg', '1', '1.00', '0', '0', '3953.00', '2019-05-06 23:01:18', '2019-05-06 23:01:18'), ('14', 'normal', 'quia', '', '0', 'Amet dolore quaerat ratione et quas adipisci aut.', 'https://lccdn.phphub.org/uploads/images/201806/01/5320/C0bVuKB2nt.jpg', '1', '3.00', '0', '0', '1505.00', '2019-05-06 23:01:18', '2019-05-06 23:01:18'), ('15', 'normal', 'earum', '', '0', 'Ipsam eveniet iste consequatur aut consequatur velit ut ducimus.', 'https://lccdn.phphub.org/uploads/images/201806/01/5320/XrtIwzrxj7.jpg', '1', '3.00', '0', '0', '2850.00', '2019-05-06 23:01:18', '2019-05-06 23:01:18'), ('16', 'normal', 'harum', '', '0', 'Ut sit dolorem dolor et enim.', 'https://lccdn.phphub.org/uploads/images/201806/01/5320/pa7DrV43Mw.jpg', '1', '5.00', '0', '0', '1622.00', '2019-05-06 23:01:18', '2019-05-06 23:01:18'), ('17', 'normal', 'sit', '', '0', 'Dolore quod rerum sed cupiditate voluptatem ea hic.', 'https://lccdn.phphub.org/uploads/images/201806/01/5320/C0bVuKB2nt.jpg', '1', '0.00', '0', '0', '273.00', '2019-05-06 23:01:18', '2019-05-06 23:01:18'), ('18', 'normal', 'quaerat', '', '0', 'Eum ut atque tenetur iste eos debitis.', 'https://lccdn.phphub.org/uploads/images/201806/01/5320/pa7DrV43Mw.jpg', '1', '0.00', '0', '0', '518.00', '2019-05-06 23:01:18', '2019-05-06 23:01:18'), ('19', 'normal', 'eum', '', '0', 'Facere repellendus incidunt suscipit ea possimus.', 'https://lccdn.phphub.org/uploads/images/201806/01/5320/r3BNRe4zXG.jpg', '1', '0.00', '0', '0', '1729.00', '2019-05-06 23:01:18', '2019-05-06 23:01:18'), ('20', 'normal', 'sunt', '', '0', 'Et dolorum blanditiis dolorem sed est consectetur.', 'https://lccdn.phphub.org/uploads/images/201806/01/5320/pa7DrV43Mw.jpg', '1', '2.00', '0', '0', '2378.00', '2019-05-06 23:01:18', '2019-05-06 23:01:18'), ('21', 'normal', 'enim', '', '0', 'Assumenda recusandae at eius nulla consequatur molestias.', 'https://lccdn.phphub.org/uploads/images/201806/01/5320/2JMRaFwRpo.jpg', '1', '2.00', '0', '0', '3136.00', '2019-05-06 23:01:18', '2019-05-06 23:01:18'), ('22', 'normal', 'hic', '', '0', 'Maiores hic quasi natus numquam.', 'https://lccdn.phphub.org/uploads/images/201806/01/5320/1B3n0ATKrn.jpg', '1', '5.00', '0', '0', '4114.00', '2019-05-06 23:01:18', '2019-05-06 23:01:18'), ('23', 'normal', 'aliquid', '', '0', 'Neque incidunt sint porro ipsum et laboriosam ratione corporis.', 'https://lccdn.phphub.org/uploads/images/201806/01/5320/2JMRaFwRpo.jpg', '1', '0.00', '0', '0', '364.00', '2019-05-06 23:01:18', '2019-05-06 23:01:18'), ('24', 'normal', 'enim', '', '0', 'Ducimus rerum aspernatur qui et quam explicabo repudiandae.', 'https://lccdn.phphub.org/uploads/images/201806/01/5320/XrtIwzrxj7.jpg', '1', '5.00', '0', '0', '3498.00', '2019-05-06 23:01:18', '2019-05-06 23:01:18'), ('25', 'normal', 'et', '', '0', 'Alias veritatis pariatur culpa placeat vel.', 'https://lccdn.phphub.org/uploads/images/201806/01/5320/uYEHCJ1oRp.jpg', '1', '4.00', '0', '0', '5657.00', '2019-05-06 23:01:18', '2019-05-06 23:01:18'), ('26', 'normal', 'vero', '', '0', 'Tenetur asperiores voluptatem a aut quos eos.', 'https://lccdn.phphub.org/uploads/images/201806/01/5320/1B3n0ATKrn.jpg', '1', '1.00', '0', '0', '67.00', '2019-05-06 23:01:18', '2019-05-06 23:01:18'), ('27', 'normal', 'iure', '', '0', 'Molestiae ex saepe rerum dolores.', 'https://lccdn.phphub.org/uploads/images/201806/01/5320/C0bVuKB2nt.jpg', '1', '0.00', '0', '0', '3150.00', '2019-05-06 23:01:18', '2019-05-06 23:01:18'), ('28', 'normal', 'est', '', '0', 'Iure et sit vitae quibusdam.', 'https://lccdn.phphub.org/uploads/images/201806/01/5320/C0bVuKB2nt.jpg', '1', '2.00', '0', '0', '4821.00', '2019-05-06 23:01:18', '2019-05-06 23:01:18'), ('29', 'normal', 'velit', '', '0', 'Non quam aut exercitationem nisi sed omnis facilis.', 'https://lccdn.phphub.org/uploads/images/201806/01/5320/82Wf2sg8gM.jpg', '1', '1.00', '0', '0', '1928.00', '2019-05-06 23:01:18', '2019-05-06 23:01:18'), ('30', 'normal', 'minima', '', '0', 'Sint error est odit doloribus consequatur minus ad dolor.', 'https://lccdn.phphub.org/uploads/images/201806/01/5320/C0bVuKB2nt.jpg', '1', '4.00', '0', '0', '1309.00', '2019-05-06 23:01:18', '2019-05-06 23:01:18'), ('35', 'crowdfunding', 'Apple 苹果 iPhone X 全面屏手机 深空灰 全网通 64GB', '', '6', '<p>爱仕达大所阿萨德按时</p>', 'images/7a2640944993196971869103cc7431a1.jpeg', '0', '5.00', '0', '0', '0.00', '2019-05-09 17:09:40', '2019-05-09 17:09:40'), ('36', 'crowdfunding', 'Apple 苹果 iPhone X 全面屏手机 深空灰 全网通 265GB', '', '6', '<p>asdasd asd asd asd</p>', 'images/49928cc3493c211c9af59a82f0fe499a.jpeg', '0', '5.00', '0', '0', '0.00', '2019-05-09 17:37:14', '2019-05-09 17:37:14'), ('37', 'seckill', '机械革命(MECHREVO)X8Ti Plus 144Hz72% GTX1060', '机械革命(MECHREVO)X8Ti Plus 144Hz72% GTX1060 17.3英寸窄边游戏笔记本i5-8300H 8G 128G+1T Office2016', '8', '<p>新品上市</p>', 'images/6ce772271659603d.jpg', '1', '5.00', '0', '0', '0.00', '2019-05-09 18:39:39', '2019-05-10 18:23:15'), ('38', 'normal', 'Apple 苹果 iPhone X 全面屏手机', 'Apple 苹果 iPhone X 全面屏手机', '6', '<p>新品上线</p>', 'images/5515baef757f72a662b5a3ebdaa18afc.jpg', '0', '5.00', '0', '0', '0.00', '2019-05-10 19:05:11', '2019-05-10 19:05:11');
COMMIT;

-- ----------------------------
--  Table structure for `seckill_products`
-- ----------------------------
DROP TABLE IF EXISTS `seckill_products`;
CREATE TABLE `seckill_products` (
  `id` int(10) unsigned NOT NULL AUTO_INCREMENT COMMENT '主键ID',
  `product_id` int(10) unsigned NOT NULL DEFAULT '0' COMMENT '商品ID',
  `start_at` datetime NOT NULL COMMENT '秒杀开始时间',
  `end_at` datetime NOT NULL COMMENT '秒杀结束时间',
  PRIMARY KEY (`id`),
  KEY `seckill_products_product_id_index` (`product_id`),
  CONSTRAINT `seckill_products_product_id_foreign` FOREIGN KEY (`product_id`) REFERENCES `products` (`id`) ON DELETE CASCADE
) ENGINE=InnoDB AUTO_INCREMENT=2 DEFAULT CHARSET=utf8mb4 COLLATE=utf8mb4_unicode_ci COMMENT='秒杀商品表';

-- ----------------------------
--  Records of `seckill_products`
-- ----------------------------
BEGIN;
INSERT INTO `seckill_products` VALUES ('1', '37', '2019-05-12 00:00:00', '2019-05-12 00:00:00');
COMMIT;

-- ----------------------------
--  Table structure for `user_addresses`
-- ----------------------------
DROP TABLE IF EXISTS `user_addresses`;
CREATE TABLE `user_addresses` (
  `id` int(10) unsigned NOT NULL AUTO_INCREMENT,
  `user_id` int(10) unsigned NOT NULL,
  `province` varchar(255) COLLATE utf8mb4_unicode_ci NOT NULL,
  `city` varchar(255) COLLATE utf8mb4_unicode_ci NOT NULL,
  `district` varchar(255) COLLATE utf8mb4_unicode_ci NOT NULL,
  `address` varchar(255) COLLATE utf8mb4_unicode_ci NOT NULL,
  `zip` int(10) unsigned NOT NULL,
  `contact_name` varchar(255) COLLATE utf8mb4_unicode_ci NOT NULL,
  `contact_phone` varchar(255) COLLATE utf8mb4_unicode_ci NOT NULL,
  `last_used_at` datetime DEFAULT NULL,
  `created_at` timestamp NULL DEFAULT NULL,
  `updated_at` timestamp NULL DEFAULT NULL,
  PRIMARY KEY (`id`),
  KEY `user_addresses_user_id_foreign` (`user_id`),
  CONSTRAINT `user_addresses_user_id_foreign` FOREIGN KEY (`user_id`) REFERENCES `users` (`id`) ON DELETE CASCADE
) ENGINE=InnoDB AUTO_INCREMENT=203 DEFAULT CHARSET=utf8mb4 COLLATE=utf8mb4_unicode_ci;

-- ----------------------------
--  Records of `user_addresses`
-- ----------------------------
BEGIN;
INSERT INTO `user_addresses` VALUES ('1', '1', '广东省', '深圳市', '福田区', '第17街道第102号', '518100', '张建国', '14522123967', null, '2019-05-01 10:44:56', '2019-05-01 10:44:56'), ('2', '1', '江苏省', '南京市', '浦口区', '第76街道第970号', '481900', '孔婕', '18043414555', null, '2019-05-01 10:44:56', '2019-05-01 10:44:56'), ('3', '1', '江苏省', '苏州市', '相城区', '第41街道第808号', '763600', '符鑫', '15612094760', null, '2019-05-01 10:44:56', '2019-05-01 10:44:56'), ('4', '2', '江苏省', '苏州市', '相城区', '第60街道第7号', '562200', '易芬', '14510990604', null, '2019-05-01 10:44:56', '2019-05-01 10:44:56'), ('5', '2', '江苏省', '南京市', '浦口区', '第83街道第227号', '588200', '盖志强', '15844652029', null, '2019-05-01 10:44:56', '2019-05-01 10:44:56'), ('6', '2', '江苏省', '南京市', '浦口区', '第85街道第534号', '808000', '殷梅', '18055869129', null, '2019-05-01 10:44:56', '2019-05-01 10:44:56'), ('7', '3', '广东省', '深圳市', '福田区', '第1街道第687号', '55100', '冼秀云', '13127621462', null, '2019-05-01 10:44:56', '2019-05-01 10:44:56'), ('8', '4', '北京市', '市辖区', '东城区', '第50街道第247号', '53300', '李金凤', '13308022948', null, '2019-05-01 10:44:56', '2019-05-01 10:44:56'), ('9', '4', '河北省', '石家庄市', '长安区', '第50街道第453号', '158300', '柏海燕', '17003643254', null, '2019-05-01 10:44:56', '2019-05-01 10:44:56'), ('10', '5', '江苏省', '苏州市', '相城区', '第52街道第152号', '851800', '徐杨', '18952291159', null, '2019-05-01 10:44:56', '2019-05-01 10:44:56'), ('11', '5', '江苏省', '苏州市', '相城区', '第47街道第903号', '244900', '常健', '15961830900', null, '2019-05-01 10:44:56', '2019-05-01 10:44:56'), ('12', '5', '江苏省', '苏州市', '相城区', '第14街道第902号', '192900', '苏志强', '18896254957', null, '2019-05-01 10:44:56', '2019-05-01 10:44:56'), ('13', '6', '河北省', '石家庄市', '长安区', '第33街道第385号', '497000', '宗健', '18288469956', null, '2019-05-01 10:44:56', '2019-05-01 10:44:56'), ('14', '6', '江苏省', '南京市', '浦口区', '第32街道第598号', '87100', '潘霞', '18330540235', null, '2019-05-01 10:44:56', '2019-05-01 10:44:56'), ('15', '6', '江苏省', '南京市', '浦口区', '第67街道第213号', '851000', '牟博', '15064800873', null, '2019-05-01 10:44:56', '2019-05-01 10:44:56'), ('16', '7', '广东省', '深圳市', '福田区', '第38街道第528号', '427500', '伏磊', '15651487679', null, '2019-05-01 10:44:56', '2019-05-01 10:44:56'), ('17', '7', '广东省', '深圳市', '福田区', '第50街道第81号', '143200', '柳志勇', '15307677200', null, '2019-05-01 10:44:56', '2019-05-01 10:44:56'), ('18', '8', '河北省', '石家庄市', '长安区', '第61街道第748号', '314000', '艾慧', '15342367595', null, '2019-05-01 10:44:56', '2019-05-01 10:44:56'), ('19', '8', '江苏省', '南京市', '浦口区', '第87街道第567号', '855900', '应倩', '15043758336', null, '2019-05-01 10:44:56', '2019-05-01 10:44:56'), ('20', '8', '河北省', '石家庄市', '长安区', '第2街道第452号', '164100', '覃桂荣', '15909213199', null, '2019-05-01 10:44:56', '2019-05-01 10:44:56'), ('21', '9', '江苏省', '南京市', '浦口区', '第56街道第699号', '814700', '田正平', '15750923174', null, '2019-05-01 10:44:56', '2019-05-01 10:44:56'), ('22', '9', '北京市', '市辖区', '东城区', '第31街道第926号', '391500', '易桂芬', '18975766149', null, '2019-05-01 10:44:56', '2019-05-01 10:44:56'), ('23', '10', '江苏省', '南京市', '浦口区', '第12街道第913号', '241700', '鄢兵', '17057357737', null, '2019-05-01 10:44:56', '2019-05-01 10:44:56'), ('24', '10', '江苏省', '苏州市', '相城区', '第64街道第272号', '153600', '甘杨', '15672759986', null, '2019-05-01 10:44:56', '2019-05-01 10:44:56'), ('25', '11', '江苏省', '苏州市', '相城区', '第9街道第639号', '784200', '殷宁', '18567600560', null, '2019-05-01 10:44:56', '2019-05-01 10:44:56'), ('26', '11', '广东省', '深圳市', '福田区', '第1街道第950号', '742800', '邬晨', '17092312869', null, '2019-05-01 10:44:56', '2019-05-01 10:44:56'), ('27', '11', '河北省', '石家庄市', '长安区', '第42街道第194号', '684100', '来梅', '17654879788', null, '2019-05-01 10:44:56', '2019-05-01 10:44:56'), ('28', '12', '广东省', '深圳市', '福田区', '第28街道第279号', '317300', '古涛', '17183999640', null, '2019-05-01 10:44:56', '2019-05-01 10:44:56'), ('29', '12', '广东省', '深圳市', '福田区', '第33街道第24号', '481000', '迟伦', '18264074931', null, '2019-05-01 10:44:56', '2019-05-01 10:44:56'), ('30', '13', '北京市', '市辖区', '东城区', '第32街道第684号', '787900', '梅瑞', '17087824330', null, '2019-05-01 10:44:56', '2019-05-01 10:44:56'), ('31', '13', '河北省', '石家庄市', '长安区', '第25街道第724号', '245800', '原琳', '17081534157', null, '2019-05-01 10:44:56', '2019-05-01 10:44:56'), ('32', '13', '北京市', '市辖区', '东城区', '第39街道第374号', '757800', '方勇', '18006912422', null, '2019-05-01 10:44:56', '2019-05-01 10:44:56'), ('33', '14', '广东省', '深圳市', '福田区', '第61街道第950号', '498700', '龙华', '17669079437', null, '2019-05-01 10:44:56', '2019-05-01 10:44:56'), ('34', '15', '江苏省', '南京市', '浦口区', '第92街道第68号', '68300', '叶正诚', '17011869761', null, '2019-05-01 10:44:56', '2019-05-01 10:44:56'), ('35', '15', '北京市', '市辖区', '东城区', '第18街道第356号', '606700', '程志新', '17773500981', null, '2019-05-01 10:44:56', '2019-05-01 10:44:56'), ('36', '16', '北京市', '市辖区', '东城区', '第10街道第591号', '16900', '康琴', '15932568244', null, '2019-05-01 10:44:56', '2019-05-01 10:44:56'), ('37', '17', '河北省', '石家庄市', '长安区', '第64街道第469号', '678200', '刁松', '13484081102', null, '2019-05-01 10:44:56', '2019-05-01 10:44:56'), ('38', '18', '江苏省', '苏州市', '相城区', '第1街道第957号', '594000', '伍莹', '15734165354', null, '2019-05-01 10:44:56', '2019-05-01 10:44:56'), ('39', '18', '江苏省', '南京市', '浦口区', '第34街道第360号', '807300', '沿萍', '18522827082', null, '2019-05-01 10:44:56', '2019-05-01 10:44:56'), ('40', '19', '广东省', '深圳市', '福田区', '第5街道第812号', '153300', '杨建国', '13062155977', null, '2019-05-01 10:44:56', '2019-05-01 10:44:56'), ('41', '19', '广东省', '深圳市', '福田区', '第33街道第979号', '825200', '聂宇', '13951800569', null, '2019-05-01 10:44:56', '2019-05-01 10:44:56'), ('42', '19', '江苏省', '苏州市', '相城区', '第25街道第552号', '296800', '佟磊', '15799473306', null, '2019-05-01 10:44:56', '2019-05-01 10:44:56'), ('43', '20', '江苏省', '南京市', '浦口区', '第95街道第923号', '283100', '林伦', '18813229385', null, '2019-05-01 10:44:56', '2019-05-01 10:44:56'), ('44', '21', '江苏省', '苏州市', '相城区', '第93街道第775号', '507600', '吴玉梅', '17006197731', null, '2019-05-01 10:44:56', '2019-05-01 10:44:56'), ('45', '22', '江苏省', '苏州市', '相城区', '第87街道第322号', '481800', '华翔', '18454474705', null, '2019-05-01 10:44:56', '2019-05-01 10:44:56'), ('46', '23', '河北省', '石家庄市', '长安区', '第10街道第215号', '566700', '万玉英', '17096408808', null, '2019-05-01 10:44:56', '2019-05-01 10:44:56'), ('47', '24', '河北省', '石家庄市', '长安区', '第73街道第14号', '318000', '张博涛', '13266910921', null, '2019-05-01 10:44:56', '2019-05-01 10:44:56'), ('48', '24', '河北省', '石家庄市', '长安区', '第24街道第236号', '312700', '于晨', '17194504323', null, '2019-05-01 10:44:57', '2019-05-01 10:44:57'), ('49', '24', '江苏省', '苏州市', '相城区', '第74街道第342号', '34200', '安桂荣', '17868074887', null, '2019-05-01 10:44:57', '2019-05-01 10:44:57'), ('50', '25', '河北省', '石家庄市', '长安区', '第35街道第503号', '591600', '俞志明', '18917828207', null, '2019-05-01 10:44:57', '2019-05-01 10:44:57'), ('51', '25', '河北省', '石家庄市', '长安区', '第41街道第796号', '785400', '路荣', '15874130948', null, '2019-05-01 10:44:57', '2019-05-01 10:44:57'), ('52', '25', '江苏省', '苏州市', '相城区', '第45街道第993号', '306600', '乐桂英', '13932156659', null, '2019-05-01 10:44:57', '2019-05-01 10:44:57'), ('53', '26', '江苏省', '苏州市', '相城区', '第92街道第619号', '497000', '董涛', '13521123314', null, '2019-05-01 10:44:57', '2019-05-01 10:44:57'), ('54', '26', '广东省', '深圳市', '福田区', '第77街道第216号', '823500', '楚博', '13863776544', null, '2019-05-01 10:44:57', '2019-05-01 10:44:57'), ('55', '27', '河北省', '石家庄市', '长安区', '第11街道第177号', '81300', '沙旭', '13488394049', null, '2019-05-01 10:44:57', '2019-05-01 10:44:57'), ('56', '28', '江苏省', '苏州市', '相城区', '第36街道第633号', '575600', '糜玉英', '13767134691', null, '2019-05-01 10:44:57', '2019-05-01 10:44:57'), ('57', '28', '江苏省', '苏州市', '相城区', '第8街道第393号', '84400', '嵺志文', '15329905902', null, '2019-05-01 10:44:57', '2019-05-01 10:44:57'), ('58', '29', '江苏省', '苏州市', '相城区', '第85街道第604号', '726400', '伏超', '15289774207', null, '2019-05-01 10:44:57', '2019-05-01 10:44:57'), ('59', '29', '北京市', '市辖区', '东城区', '第88街道第584号', '32100', '辛淑华', '17055312929', null, '2019-05-01 10:44:57', '2019-05-01 10:44:57'), ('60', '30', '江苏省', '南京市', '浦口区', '第17街道第384号', '263400', '贺毅', '15935756865', null, '2019-05-01 10:44:57', '2019-05-01 10:44:57'), ('61', '30', '广东省', '深圳市', '福田区', '第37街道第169号', '11900', '贺红梅', '17088846878', null, '2019-05-01 10:44:57', '2019-05-01 10:44:57'), ('62', '30', '广东省', '深圳市', '福田区', '第7街道第560号', '621200', '崔浩', '13929829990', null, '2019-05-01 10:44:57', '2019-05-01 10:44:57'), ('63', '31', '北京市', '市辖区', '东城区', '第47街道第477号', '251300', '奚新华', '13333565255', null, '2019-05-01 10:44:57', '2019-05-01 10:44:57'), ('64', '32', '河北省', '石家庄市', '长安区', '第46街道第214号', '608200', '尤华', '18432988434', null, '2019-05-01 10:44:57', '2019-05-01 10:44:57'), ('65', '32', '江苏省', '南京市', '浦口区', '第94街道第151号', '588700', '伏馨予', '17189053234', null, '2019-05-01 10:44:57', '2019-05-01 10:44:57'), ('66', '32', '广东省', '深圳市', '福田区', '第65街道第533号', '696000', '施博', '18126526931', null, '2019-05-01 10:44:57', '2019-05-01 10:44:57'), ('67', '33', '广东省', '深圳市', '福田区', '第46街道第437号', '472800', '喻智渊', '15591381794', null, '2019-05-01 10:44:57', '2019-05-01 10:44:57'), ('68', '33', '江苏省', '南京市', '浦口区', '第14街道第41号', '827700', '银春梅', '18763132885', null, '2019-05-01 10:44:57', '2019-05-01 10:44:57'), ('69', '33', '河北省', '石家庄市', '长安区', '第53街道第547号', '241800', '鄢伟', '18513896516', null, '2019-05-01 10:44:57', '2019-05-01 10:44:57'), ('70', '34', '广东省', '深圳市', '福田区', '第6街道第481号', '228500', '符建平', '14519837611', null, '2019-05-01 10:44:57', '2019-05-01 10:44:57'), ('71', '35', '广东省', '深圳市', '福田区', '第41街道第687号', '841100', '邹帅', '17083769785', null, '2019-05-01 10:44:57', '2019-05-01 10:44:57'), ('72', '35', '广东省', '深圳市', '福田区', '第64街道第589号', '795900', '邹文娟', '18317090305', null, '2019-05-01 10:44:57', '2019-05-01 10:44:57'), ('73', '36', '江苏省', '苏州市', '相城区', '第66街道第602号', '707100', '余智勇', '17058988535', null, '2019-05-01 10:44:57', '2019-05-01 10:44:57'), ('74', '36', '江苏省', '苏州市', '相城区', '第12街道第259号', '761200', '祁馨予', '17675254168', null, '2019-05-01 10:44:57', '2019-05-01 10:44:57'), ('75', '36', '北京市', '市辖区', '东城区', '第47街道第356号', '477400', '栾晨', '13936788798', null, '2019-05-01 10:44:57', '2019-05-01 10:44:57'), ('76', '37', '广东省', '深圳市', '福田区', '第61街道第190号', '821500', '应智勇', '13984609797', null, '2019-05-01 10:44:57', '2019-05-01 10:44:57'), ('77', '37', '江苏省', '南京市', '浦口区', '第96街道第672号', '77500', '燕建明', '13957487198', null, '2019-05-01 10:44:57', '2019-05-01 10:44:57'), ('78', '38', '北京市', '市辖区', '东城区', '第42街道第510号', '228300', '敖瑜', '13028958387', null, '2019-05-01 10:44:57', '2019-05-01 10:44:57'), ('79', '39', '河北省', '石家庄市', '长安区', '第31街道第281号', '46100', '吕斌', '17018460651', null, '2019-05-01 10:44:57', '2019-05-01 10:44:57'), ('80', '39', '江苏省', '苏州市', '相城区', '第4街道第186号', '625900', '梅宇', '18568815140', null, '2019-05-01 10:44:57', '2019-05-01 10:44:57'), ('81', '40', '北京市', '市辖区', '东城区', '第62街道第644号', '286700', '关新华', '15087252998', null, '2019-05-01 10:44:57', '2019-05-01 10:44:57'), ('82', '40', '北京市', '市辖区', '东城区', '第18街道第586号', '845400', '彭霞', '13841110989', null, '2019-05-01 10:44:57', '2019-05-01 10:44:57'), ('83', '41', '河北省', '石家庄市', '长安区', '第64街道第744号', '306000', '牟欢', '15369742969', null, '2019-05-01 10:44:57', '2019-05-01 10:44:57'), ('84', '41', '北京市', '市辖区', '东城区', '第36街道第154号', '642400', '敖燕', '15795218285', null, '2019-05-01 10:44:57', '2019-05-01 10:44:57'), ('85', '42', '河北省', '石家庄市', '长安区', '第0街道第777号', '668400', '汪阳', '13682462255', null, '2019-05-01 10:44:57', '2019-05-01 10:44:57'), ('86', '42', '河北省', '石家庄市', '长安区', '第57街道第801号', '447500', '屠桂兰', '15737780036', null, '2019-05-01 10:44:57', '2019-05-01 10:44:57'), ('87', '43', '江苏省', '南京市', '浦口区', '第86街道第64号', '664800', '鄢红', '15953904875', null, '2019-05-01 10:44:57', '2019-05-01 10:44:57'), ('88', '43', '广东省', '深圳市', '福田区', '第81街道第748号', '518600', '席龙', '13765358148', null, '2019-05-01 10:44:57', '2019-05-01 10:44:57'), ('89', '44', '广东省', '深圳市', '福田区', '第98街道第668号', '364600', '钱嘉', '13374326677', null, '2019-05-01 10:44:57', '2019-05-01 10:44:57'), ('90', '44', '河北省', '石家庄市', '长安区', '第97街道第879号', '797000', '祝凤兰', '18170751319', null, '2019-05-01 10:44:57', '2019-05-01 10:44:57'), ('91', '45', '北京市', '市辖区', '东城区', '第8街道第812号', '785400', '丁宁', '18132373924', null, '2019-05-01 10:44:57', '2019-05-01 10:44:57'), ('92', '45', '江苏省', '南京市', '浦口区', '第67街道第271号', '243700', '秦荣', '17632825480', null, '2019-05-01 10:44:57', '2019-05-01 10:44:57'), ('93', '45', '江苏省', '南京市', '浦口区', '第27街道第297号', '298000', '乔鑫', '18051888935', null, '2019-05-01 10:44:57', '2019-05-01 10:44:57'), ('94', '46', '江苏省', '南京市', '浦口区', '第27街道第616号', '276400', '奚娟', '13006049755', null, '2019-05-01 10:44:57', '2019-05-01 10:44:57'), ('95', '46', '江苏省', '南京市', '浦口区', '第38街道第837号', '447800', '赖祥', '15094951537', null, '2019-05-01 10:44:57', '2019-05-01 10:44:57'), ('96', '47', '北京市', '市辖区', '东城区', '第22街道第271号', '642300', '姚娜', '15314684988', null, '2019-05-01 10:44:57', '2019-05-01 10:44:57'), ('97', '48', '江苏省', '南京市', '浦口区', '第58街道第722号', '396600', '封桂珍', '17134182801', null, '2019-05-01 10:44:57', '2019-05-01 10:44:57'), ('98', '48', '江苏省', '苏州市', '相城区', '第27街道第110号', '116200', '查文', '18863724952', null, '2019-05-01 10:44:57', '2019-05-01 10:44:57'), ('99', '48', '江苏省', '苏州市', '相城区', '第70街道第492号', '674900', '查正诚', '15961838643', null, '2019-05-01 10:44:57', '2019-05-01 10:44:57'), ('100', '49', '广东省', '深圳市', '福田区', '第74街道第856号', '394100', '戴学明', '17019188020', null, '2019-05-01 10:44:57', '2019-05-01 10:44:57'), ('101', '49', '江苏省', '苏州市', '相城区', '第8街道第782号', '831900', '薄玲', '18126595772', null, '2019-05-01 10:44:57', '2019-05-01 10:44:57'), ('102', '50', '北京市', '市辖区', '东城区', '第7街道第223号', '133300', '谷琳', '13264413184', null, '2019-05-01 10:44:57', '2019-05-01 10:44:57'), ('103', '50', '广东省', '深圳市', '福田区', '第36街道第332号', '736300', '祁明霞', '15251161057', null, '2019-05-01 10:44:57', '2019-05-01 10:44:57'), ('104', '51', '北京市', '市辖区', '东城区', '第75街道第142号', '384100', '柴哲', '15036419564', null, '2019-05-01 10:44:57', '2019-05-01 10:44:57'), ('105', '51', '广东省', '深圳市', '福田区', '第35街道第960号', '433500', '梅敏静', '15779488470', null, '2019-05-01 10:44:57', '2019-05-01 10:44:57'), ('106', '51', '江苏省', '苏州市', '相城区', '第74街道第933号', '535000', '原建', '13505920993', null, '2019-05-01 10:44:57', '2019-05-01 10:44:57'), ('107', '52', '江苏省', '南京市', '浦口区', '第3街道第220号', '324700', '兰淑英', '17056165858', null, '2019-05-01 10:44:57', '2019-05-01 10:44:57'), ('108', '52', '河北省', '石家庄市', '长安区', '第19街道第162号', '32600', '樊桂珍', '18997490012', null, '2019-05-01 10:44:57', '2019-05-01 10:44:57'), ('109', '53', '河北省', '石家庄市', '长安区', '第54街道第545号', '205400', '应桂荣', '13047856575', null, '2019-05-01 10:44:57', '2019-05-01 10:44:57'), ('110', '53', '北京市', '市辖区', '东城区', '第87街道第683号', '823600', '明冬梅', '15182830100', null, '2019-05-01 10:44:57', '2019-05-01 10:44:57'), ('111', '53', '江苏省', '苏州市', '相城区', '第89街道第239号', '505100', '苑峰', '18608367781', null, '2019-05-01 10:44:57', '2019-05-01 10:44:57'), ('112', '54', '河北省', '石家庄市', '长安区', '第33街道第564号', '228000', '翟娟', '18838677693', null, '2019-05-01 10:44:57', '2019-05-01 10:44:57'), ('113', '54', '广东省', '深圳市', '福田区', '第71街道第954号', '151500', '苑桂芳', '18371943670', null, '2019-05-01 10:44:57', '2019-05-01 10:44:57'), ('114', '54', '北京市', '市辖区', '东城区', '第76街道第973号', '373400', '华嘉俊', '18144730313', null, '2019-05-01 10:44:57', '2019-05-01 10:44:57'), ('115', '55', '北京市', '市辖区', '东城区', '第81街道第825号', '23500', '薄秀珍', '13684663797', null, '2019-05-01 10:44:57', '2019-05-01 10:44:57'), ('116', '55', '北京市', '市辖区', '东城区', '第50街道第663号', '147700', '卢爱华', '13854857974', null, '2019-05-01 10:44:57', '2019-05-01 10:44:57'), ('117', '55', '江苏省', '南京市', '浦口区', '第21街道第306号', '754100', '池莉', '18572672921', null, '2019-05-01 10:44:57', '2019-05-01 10:44:57'), ('118', '56', '广东省', '深圳市', '福田区', '第6街道第862号', '228100', '袁建国', '13403315174', null, '2019-05-01 10:44:57', '2019-05-01 10:44:57'), ('119', '56', '河北省', '石家庄市', '长安区', '第17街道第607号', '651800', '位桂芳', '18348747401', null, '2019-05-01 10:44:57', '2019-05-01 10:44:57'), ('120', '56', '江苏省', '南京市', '浦口区', '第2街道第192号', '164700', '蓝秀芳', '15065075169', null, '2019-05-01 10:44:57', '2019-05-01 10:44:57'), ('121', '57', '北京市', '市辖区', '东城区', '第27街道第271号', '767300', '彭超', '15848323321', null, '2019-05-01 10:44:57', '2019-05-01 10:44:57'), ('122', '58', '广东省', '深圳市', '福田区', '第70街道第787号', '831300', '俞小红', '13202223589', null, '2019-05-01 10:44:57', '2019-05-01 10:44:57'), ('123', '58', '江苏省', '南京市', '浦口区', '第85街道第964号', '283300', '许超', '15936495709', null, '2019-05-01 10:44:57', '2019-05-01 10:44:57'), ('124', '58', '江苏省', '苏州市', '相城区', '第58街道第562号', '286200', '庞博', '18197538947', null, '2019-05-01 10:44:57', '2019-05-01 10:44:57'), ('125', '59', '河北省', '石家庄市', '长安区', '第84街道第399号', '61600', '奚冰冰', '15173045550', null, '2019-05-01 10:44:57', '2019-05-01 10:44:57'), ('126', '59', '江苏省', '苏州市', '相城区', '第23街道第643号', '813900', '祁建明', '18217391368', null, '2019-05-01 10:44:57', '2019-05-01 10:44:57'), ('127', '59', '广东省', '深圳市', '福田区', '第1街道第324号', '104800', '温兵', '18335984676', null, '2019-05-01 10:44:57', '2019-05-01 10:44:57'), ('128', '60', '北京市', '市辖区', '东城区', '第42街道第493号', '124800', '娄敏', '17181781233', null, '2019-05-01 10:44:57', '2019-05-01 10:44:57'), ('129', '60', '江苏省', '苏州市', '相城区', '第90街道第61号', '354500', '冷艳', '13142762385', null, '2019-05-01 10:44:57', '2019-05-01 10:44:57'), ('130', '60', '河北省', '石家庄市', '长安区', '第41街道第591号', '444400', '全洋', '17830633568', null, '2019-05-01 10:44:57', '2019-05-01 10:44:57'), ('131', '61', '江苏省', '苏州市', '相城区', '第50街道第356号', '642800', '张淑英', '17193639308', null, '2019-05-01 10:44:57', '2019-05-01 10:44:57'), ('132', '62', '江苏省', '苏州市', '相城区', '第50街道第601号', '844500', '卜丽', '15843401678', null, '2019-05-01 10:44:57', '2019-05-01 10:44:57'), ('133', '63', '广东省', '深圳市', '福田区', '第87街道第718号', '663200', '申娜', '18531965993', null, '2019-05-01 10:44:57', '2019-05-01 10:44:57'), ('134', '63', '江苏省', '南京市', '浦口区', '第10街道第366号', '347000', '甘博涛', '15199857103', null, '2019-05-01 10:44:57', '2019-05-01 10:44:57'), ('135', '63', '江苏省', '苏州市', '相城区', '第84街道第322号', '585600', '郭敏', '17629431221', null, '2019-05-01 10:44:57', '2019-05-01 10:44:57'), ('136', '64', '江苏省', '南京市', '浦口区', '第87街道第963号', '715500', '官秀珍', '13559910756', null, '2019-05-01 10:44:57', '2019-05-01 10:44:57'), ('137', '64', '广东省', '深圳市', '福田区', '第90街道第470号', '756500', '赖敏静', '17001798154', null, '2019-05-01 10:44:57', '2019-05-01 10:44:57'), ('138', '64', '江苏省', '南京市', '浦口区', '第56街道第196号', '523600', '胥博', '18359928208', null, '2019-05-01 10:44:57', '2019-05-01 10:44:57'), ('139', '65', '广东省', '深圳市', '福田区', '第10街道第950号', '393300', '伍嘉俊', '17076440910', null, '2019-05-01 10:44:57', '2019-05-01 10:44:57'), ('140', '66', '河北省', '石家庄市', '长安区', '第37街道第135号', '282800', '荆欢', '13325771452', null, '2019-05-01 10:44:57', '2019-05-01 10:44:57'), ('141', '67', '广东省', '深圳市', '福田区', '第73街道第293号', '162300', '薛燕', '17198479070', null, '2019-05-01 10:44:57', '2019-05-01 10:44:57'), ('142', '68', '广东省', '深圳市', '福田区', '第13街道第336号', '208400', '葛超', '17653942923', null, '2019-05-01 10:44:57', '2019-05-01 10:44:57'), ('143', '69', '江苏省', '苏州市', '相城区', '第81街道第733号', '368500', '莫秀珍', '14510781036', null, '2019-05-01 10:44:57', '2019-05-01 10:44:57'), ('144', '69', '河北省', '石家庄市', '长安区', '第29街道第996号', '221200', '景畅', '18161631873', null, '2019-05-01 10:44:57', '2019-05-01 10:44:57'), ('145', '70', '广东省', '深圳市', '福田区', '第71街道第615号', '432700', '祝桂芝', '15892482104', null, '2019-05-01 10:44:57', '2019-05-01 10:44:57'), ('146', '71', '江苏省', '苏州市', '相城区', '第17街道第194号', '184600', '许刚', '17010649408', null, '2019-05-01 10:44:57', '2019-05-01 10:44:57'), ('147', '71', '广东省', '深圳市', '福田区', '第93街道第974号', '491000', '仇霞', '17004091317', null, '2019-05-01 10:44:57', '2019-05-01 10:44:57'), ('148', '71', '江苏省', '苏州市', '相城区', '第43街道第405号', '738000', '田欣', '18475283001', null, '2019-05-01 10:44:57', '2019-05-01 10:44:57'), ('149', '72', '北京市', '市辖区', '东城区', '第13街道第73号', '677900', '申荣', '17027149773', null, '2019-05-01 10:44:57', '2019-05-01 10:44:57'), ('150', '72', '广东省', '深圳市', '福田区', '第12街道第946号', '844500', '沿畅', '15103923495', null, '2019-05-01 10:44:57', '2019-05-01 10:44:57'), ('151', '73', '江苏省', '南京市', '浦口区', '第7街道第32号', '188000', '夏丽丽', '15206513169', null, '2019-05-01 10:44:57', '2019-05-01 10:44:57'), ('152', '73', '北京市', '市辖区', '东城区', '第31街道第860号', '298500', '安荣', '15963850717', null, '2019-05-01 10:44:57', '2019-05-01 10:44:57'), ('153', '74', '江苏省', '苏州市', '相城区', '第99街道第262号', '33700', '邬君', '18705812494', null, '2019-05-01 10:44:57', '2019-05-01 10:44:57'), ('154', '74', '广东省', '深圳市', '福田区', '第73街道第873号', '35200', '党志勇', '13111415863', null, '2019-05-01 10:44:57', '2019-05-01 10:44:57'), ('155', '75', '广东省', '深圳市', '福田区', '第18街道第94号', '501200', '蔡艳', '17170531839', null, '2019-05-01 10:44:57', '2019-05-01 10:44:57'), ('156', '75', '江苏省', '苏州市', '相城区', '第27街道第993号', '252200', '银秀荣', '17054579996', null, '2019-05-01 10:44:57', '2019-05-01 10:44:57'), ('157', '76', '广东省', '深圳市', '福田区', '第96街道第751号', '697000', '闵志文', '18281367537', null, '2019-05-01 10:44:57', '2019-05-01 10:44:57'), ('158', '76', '江苏省', '南京市', '浦口区', '第93街道第612号', '194500', '隋洋', '17722703546', null, '2019-05-01 10:44:57', '2019-05-01 10:44:57'), ('159', '77', '河北省', '石家庄市', '长安区', '第35街道第606号', '25100', '阳国庆', '15049429758', null, '2019-05-01 10:44:57', '2019-05-01 10:44:57'), ('160', '78', '北京市', '市辖区', '东城区', '第0街道第201号', '28300', '左欣', '15604874247', null, '2019-05-01 10:44:57', '2019-05-01 10:44:57'), ('161', '79', '河北省', '石家庄市', '长安区', '第46街道第863号', '138700', '陈建华', '15901450568', null, '2019-05-01 10:44:57', '2019-05-01 10:44:57'), ('162', '79', '江苏省', '南京市', '浦口区', '第35街道第800号', '392700', '吉欣', '15602298257', null, '2019-05-01 10:44:57', '2019-05-01 10:44:57'), ('163', '79', '江苏省', '南京市', '浦口区', '第98街道第423号', '667500', '潘艳', '15247059510', null, '2019-05-01 10:44:57', '2019-05-01 10:44:57'), ('164', '80', '河北省', '石家庄市', '长安区', '第8街道第308号', '77700', '梁荣', '17197720179', null, '2019-05-01 10:44:57', '2019-05-01 10:44:57'), ('165', '80', '北京市', '市辖区', '东城区', '第55街道第714号', '264900', '倪艳', '14719219133', null, '2019-05-01 10:44:57', '2019-05-01 10:44:57'), ('166', '81', '河北省', '石家庄市', '长安区', '第62街道第987号', '307700', '阎超', '18657460236', null, '2019-05-01 10:44:57', '2019-05-01 10:44:57'), ('167', '82', '江苏省', '南京市', '浦口区', '第57街道第545号', '331100', '邬鹏程', '15976197763', null, '2019-05-01 10:44:57', '2019-05-01 10:44:57'), ('168', '82', '广东省', '深圳市', '福田区', '第7街道第632号', '418200', '严怡', '15783739540', null, '2019-05-01 10:44:57', '2019-05-01 10:44:57'), ('169', '82', '江苏省', '南京市', '浦口区', '第44街道第915号', '521700', '竺洪', '17014913677', null, '2019-05-01 10:44:57', '2019-05-01 10:44:57'), ('170', '83', '河北省', '石家庄市', '长安区', '第88街道第436号', '148500', '龙涛', '17770571304', null, '2019-05-01 10:44:57', '2019-05-01 10:44:57'), ('171', '84', '江苏省', '苏州市', '相城区', '第46街道第505号', '672900', '卓嘉俊', '15324916511', null, '2019-05-01 10:44:57', '2019-05-01 10:44:57'), ('172', '85', '北京市', '市辖区', '东城区', '第58街道第791号', '262600', '柳丹', '14506420783', null, '2019-05-01 10:44:57', '2019-05-01 10:44:57'), ('173', '85', '江苏省', '南京市', '浦口区', '第51街道第316号', '521000', '范瑞', '17090219391', null, '2019-05-01 10:44:57', '2019-05-01 10:44:57'), ('174', '86', '江苏省', '苏州市', '相城区', '第80街道第493号', '341000', '华旭', '17001516354', null, '2019-05-01 10:44:57', '2019-05-01 10:44:57'), ('175', '86', '江苏省', '南京市', '浦口区', '第10街道第326号', '106400', '路玉英', '17664494137', null, '2019-05-01 10:44:57', '2019-05-01 10:44:57'), ('176', '86', '江苏省', '南京市', '浦口区', '第32街道第187号', '815200', '詹桂兰', '17085136481', null, '2019-05-01 10:44:57', '2019-05-01 10:44:57'), ('177', '87', '北京市', '市辖区', '东城区', '第12街道第660号', '164300', '郁新华', '13700285551', null, '2019-05-01 10:44:57', '2019-05-01 10:44:57'), ('178', '87', '江苏省', '南京市', '浦口区', '第57街道第812号', '478100', '连建国', '18529259232', null, '2019-05-01 10:44:57', '2019-05-01 10:44:57'), ('179', '87', '江苏省', '苏州市', '相城区', '第20街道第226号', '543800', '季振国', '13643378152', null, '2019-05-01 10:44:57', '2019-05-01 10:44:57'), ('180', '88', '江苏省', '苏州市', '相城区', '第18街道第34号', '225700', '穆帅', '13570629957', null, '2019-05-01 10:44:57', '2019-05-01 10:44:57'), ('181', '88', '江苏省', '苏州市', '相城区', '第6街道第641号', '344300', '栗秀芳', '15204345587', null, '2019-05-01 10:44:57', '2019-05-01 10:44:57'), ('182', '89', '河北省', '石家庄市', '长安区', '第19街道第312号', '495600', '袁志强', '13678597935', null, '2019-05-01 10:44:57', '2019-05-01 10:44:57'), ('183', '90', '河北省', '石家庄市', '长安区', '第72街道第764号', '395300', '关莉', '13907680688', null, '2019-05-01 10:44:57', '2019-05-01 10:44:57'), ('184', '90', '北京市', '市辖区', '东城区', '第41街道第955号', '496100', '巩秀梅', '15740390374', null, '2019-05-01 10:44:57', '2019-05-01 10:44:57'), ('185', '91', '河北省', '石家庄市', '长安区', '第41街道第277号', '341800', '叶云', '15008098014', null, '2019-05-01 10:44:57', '2019-05-01 10:44:57'), ('186', '91', '河北省', '石家庄市', '长安区', '第58街道第219号', '205700', '甘杰', '13778041481', null, '2019-05-01 10:44:57', '2019-05-01 10:44:57'), ('187', '91', '广东省', '深圳市', '福田区', '第49街道第432号', '652200', '汪欣', '13010404590', null, '2019-05-01 10:44:57', '2019-05-01 10:44:57'), ('188', '92', '江苏省', '苏州市', '相城区', '第67街道第427号', '844200', '花志强', '13449532881', null, '2019-05-01 10:44:57', '2019-05-01 10:44:57'), ('189', '93', '北京市', '市辖区', '东城区', '第8街道第125号', '501500', '聂丽丽', '13297954583', null, '2019-05-01 10:44:57', '2019-05-01 10:44:57'), ('190', '93', '江苏省', '南京市', '浦口区', '第69街道第849号', '583800', '宫瑜', '18143004908', null, '2019-05-01 10:44:57', '2019-05-01 10:44:57'), ('191', '93', '河北省', '石家庄市', '长安区', '第83街道第750号', '246200', '吕秀芳', '17007997019', null, '2019-05-01 10:44:57', '2019-05-01 10:44:57'), ('192', '94', '广东省', '深圳市', '福田区', '第97街道第554号', '465400', '顾彬', '17192017737', null, '2019-05-01 10:44:57', '2019-05-01 10:44:57'), ('193', '95', '江苏省', '苏州市', '相城区', '第91街道第451号', '43100', '乔淑珍', '15382504467', null, '2019-05-01 10:44:57', '2019-05-01 10:44:57'), ('194', '95', '江苏省', '苏州市', '相城区', '第3街道第147号', '756400', '应瑜', '14789274182', null, '2019-05-01 10:44:57', '2019-05-01 10:44:57'), ('195', '96', '北京市', '市辖区', '东城区', '第95街道第703号', '438500', '纪秀芳', '17083778712', null, '2019-05-01 10:44:57', '2019-05-01 10:44:57'), ('196', '97', '北京市', '市辖区', '东城区', '第41街道第619号', '351600', '蔡洋', '13638587461', null, '2019-05-01 10:44:57', '2019-05-01 10:44:57'), ('197', '98', '河北省', '石家庄市', '长安区', '第31街道第963号', '674300', '扬桂兰', '14781641146', null, '2019-05-01 10:44:57', '2019-05-01 10:44:57'), ('198', '98', '北京市', '市辖区', '东城区', '第22街道第963号', '816900', '查学明', '18251630193', null, '2019-05-01 10:44:57', '2019-05-01 10:44:57'), ('199', '98', '广东省', '深圳市', '福田区', '第16街道第972号', '195700', '兰鹰', '15387694265', null, '2019-05-01 10:44:57', '2019-05-01 10:44:57'), ('200', '99', '江苏省', '苏州市', '相城区', '第41街道第951号', '556700', '张玉华', '17088315912', null, '2019-05-01 10:44:57', '2019-05-01 10:44:57'), ('201', '100', '江苏省', '苏州市', '相城区', '第44街道第854号', '661700', '郭秀梅', '17017318030', null, '2019-05-01 10:44:57', '2019-05-01 10:44:57'), ('202', '109', '广东省', '广州市', '天河区', '广东省广州市天河区五山街道中公教育大夏', '529000', 'RedBo He', '13925185624', '2019-05-12 10:26:36', '2019-05-12 10:26:26', '2019-05-12 10:26:36');
COMMIT;

-- ----------------------------
--  Table structure for `user_favorite_products`
-- ----------------------------
DROP TABLE IF EXISTS `user_favorite_products`;
CREATE TABLE `user_favorite_products` (
  `id` int(10) unsigned NOT NULL AUTO_INCREMENT,
  `user_id` int(10) unsigned NOT NULL,
  `product_id` int(10) unsigned NOT NULL,
  `created_at` timestamp NULL DEFAULT NULL,
  `updated_at` timestamp NULL DEFAULT NULL,
  PRIMARY KEY (`id`),
  KEY `user_favorite_products_user_id_foreign` (`user_id`),
  KEY `user_favorite_products_product_id_foreign` (`product_id`),
  CONSTRAINT `user_favorite_products_product_id_foreign` FOREIGN KEY (`product_id`) REFERENCES `products` (`id`) ON DELETE CASCADE,
  CONSTRAINT `user_favorite_products_user_id_foreign` FOREIGN KEY (`user_id`) REFERENCES `users` (`id`) ON DELETE CASCADE
) ENGINE=InnoDB DEFAULT CHARSET=utf8mb4 COLLATE=utf8mb4_unicode_ci;

-- ----------------------------
--  Table structure for `users`
-- ----------------------------
DROP TABLE IF EXISTS `users`;
CREATE TABLE `users` (
  `id` int(10) unsigned NOT NULL AUTO_INCREMENT,
  `name` varchar(255) COLLATE utf8mb4_unicode_ci NOT NULL,
  `email` varchar(255) COLLATE utf8mb4_unicode_ci NOT NULL,
  `password` varchar(255) COLLATE utf8mb4_unicode_ci NOT NULL,
  `remember_token` varchar(100) COLLATE utf8mb4_unicode_ci DEFAULT NULL,
  `email_verified` tinyint(1) NOT NULL DEFAULT '0',
  `created_at` timestamp NULL DEFAULT NULL,
  `updated_at` timestamp NULL DEFAULT NULL,
  PRIMARY KEY (`id`),
  UNIQUE KEY `users_email_unique` (`email`)
) ENGINE=InnoDB AUTO_INCREMENT=110 DEFAULT CHARSET=utf8mb4 COLLATE=utf8mb4_unicode_ci;

-- ----------------------------
--  Records of `users`
-- ----------------------------
BEGIN;
INSERT INTO `users` VALUES ('1', '邹波', 'eum_sunt@example.net', '$2y$10$TKh8H1.PfQx37YgCzwiKb.KjNyWgaHb9cbcoQgdIVFlYg7B77UdFm', 'mgY558AoAG', '1', '2019-05-01 10:44:56', '2019-05-01 10:44:56'), ('2', '叶丽娟', 'nisi_ex@example.com', '$2y$10$TKh8H1.PfQx37YgCzwiKb.KjNyWgaHb9cbcoQgdIVFlYg7B77UdFm', '5p1AHb9y5s', '1', '2019-05-01 10:44:56', '2019-05-01 10:44:56'), ('3', '秦丽', 'possimus.qui@example.net', '$2y$10$TKh8H1.PfQx37YgCzwiKb.KjNyWgaHb9cbcoQgdIVFlYg7B77UdFm', 'YZvbqg1GRt', '1', '2019-05-01 10:44:56', '2019-05-01 10:44:56'), ('4', '莫秀梅', 'at_praesentium@example.com', '$2y$10$TKh8H1.PfQx37YgCzwiKb.KjNyWgaHb9cbcoQgdIVFlYg7B77UdFm', 'JZZ4oAOoLI', '1', '2019-05-01 10:44:56', '2019-05-01 10:44:56'), ('5', '屈浩', 'waut@example.org', '$2y$10$TKh8H1.PfQx37YgCzwiKb.KjNyWgaHb9cbcoQgdIVFlYg7B77UdFm', '0ud1FBViW4', '1', '2019-05-01 10:44:56', '2019-05-01 10:44:56'), ('6', '伍玉', 'uvel@example.com', '$2y$10$TKh8H1.PfQx37YgCzwiKb.KjNyWgaHb9cbcoQgdIVFlYg7B77UdFm', 'zMBT6htk8Q', '1', '2019-05-01 10:44:56', '2019-05-01 10:44:56'), ('7', '穆春梅', 'qui_dolor@example.com', '$2y$10$TKh8H1.PfQx37YgCzwiKb.KjNyWgaHb9cbcoQgdIVFlYg7B77UdFm', 'RCTzQr2IHe', '1', '2019-05-01 10:44:56', '2019-05-01 10:44:56'), ('8', '严琴', 'perspiciatis47@example.net', '$2y$10$TKh8H1.PfQx37YgCzwiKb.KjNyWgaHb9cbcoQgdIVFlYg7B77UdFm', 'MrAeJpr0gY', '1', '2019-05-01 10:44:56', '2019-05-01 10:44:56'), ('9', '楚馨予', 'commodi_voluptatem@example.org', '$2y$10$TKh8H1.PfQx37YgCzwiKb.KjNyWgaHb9cbcoQgdIVFlYg7B77UdFm', 'uhEiUXVELX', '1', '2019-05-01 10:44:56', '2019-05-01 10:44:56'), ('10', '江秀云', 'modi.laborum@example.org', '$2y$10$TKh8H1.PfQx37YgCzwiKb.KjNyWgaHb9cbcoQgdIVFlYg7B77UdFm', 'KAyrN5ItdN', '1', '2019-05-01 10:44:56', '2019-05-01 10:44:56'), ('11', '木志强', 'suscipit83@example.org', '$2y$10$TKh8H1.PfQx37YgCzwiKb.KjNyWgaHb9cbcoQgdIVFlYg7B77UdFm', '3MEX36mSe2', '1', '2019-05-01 10:44:56', '2019-05-01 10:44:56'), ('12', '余淑珍', 'veritatis_at@example.org', '$2y$10$TKh8H1.PfQx37YgCzwiKb.KjNyWgaHb9cbcoQgdIVFlYg7B77UdFm', 'LwxnXQrpbU', '1', '2019-05-01 10:44:56', '2019-05-01 10:44:56'), ('13', '都志勇', 'in_qui@example.net', '$2y$10$TKh8H1.PfQx37YgCzwiKb.KjNyWgaHb9cbcoQgdIVFlYg7B77UdFm', '9tKtODwiCL', '1', '2019-05-01 10:44:56', '2019-05-01 10:44:56'), ('14', '石荣', 'eum_nihil@example.org', '$2y$10$TKh8H1.PfQx37YgCzwiKb.KjNyWgaHb9cbcoQgdIVFlYg7B77UdFm', 'vVTKsRBisE', '1', '2019-05-01 10:44:56', '2019-05-01 10:44:56'), ('15', '华梅', 'maut@example.org', '$2y$10$TKh8H1.PfQx37YgCzwiKb.KjNyWgaHb9cbcoQgdIVFlYg7B77UdFm', 'XOtLfw5hqc', '1', '2019-05-01 10:44:56', '2019-05-01 10:44:56'), ('16', '衣丽', 'expedita86@example.com', '$2y$10$TKh8H1.PfQx37YgCzwiKb.KjNyWgaHb9cbcoQgdIVFlYg7B77UdFm', 'aci0Xwib5H', '1', '2019-05-01 10:44:56', '2019-05-01 10:44:56'), ('17', '单冬梅', 'neque_libero@example.net', '$2y$10$TKh8H1.PfQx37YgCzwiKb.KjNyWgaHb9cbcoQgdIVFlYg7B77UdFm', '8kNXUd2wUY', '1', '2019-05-01 10:44:56', '2019-05-01 10:44:56'), ('18', '孙婷婷', 'architecto36@example.org', '$2y$10$TKh8H1.PfQx37YgCzwiKb.KjNyWgaHb9cbcoQgdIVFlYg7B77UdFm', 'yw7C37rqbr', '1', '2019-05-01 10:44:56', '2019-05-01 10:44:56'), ('19', '兰桂芳', 'doloribus_ratione@example.com', '$2y$10$TKh8H1.PfQx37YgCzwiKb.KjNyWgaHb9cbcoQgdIVFlYg7B77UdFm', 'xAYcxgRO8E', '1', '2019-05-01 10:44:56', '2019-05-01 10:44:56'), ('20', '杜桂兰', 'vel_qui@example.org', '$2y$10$TKh8H1.PfQx37YgCzwiKb.KjNyWgaHb9cbcoQgdIVFlYg7B77UdFm', 'Cjdzo7A3ne', '1', '2019-05-01 10:44:56', '2019-05-01 10:44:56'), ('21', '柳兵', 'eius_alias@example.org', '$2y$10$TKh8H1.PfQx37YgCzwiKb.KjNyWgaHb9cbcoQgdIVFlYg7B77UdFm', 'Y4xEXiJFdG', '1', '2019-05-01 10:44:56', '2019-05-01 10:44:56'), ('22', '瞿璐', 'labore39@example.net', '$2y$10$TKh8H1.PfQx37YgCzwiKb.KjNyWgaHb9cbcoQgdIVFlYg7B77UdFm', 'eAr6Heckmx', '1', '2019-05-01 10:44:56', '2019-05-01 10:44:56'), ('23', '谭桂芬', 'doloribus_ea@example.com', '$2y$10$TKh8H1.PfQx37YgCzwiKb.KjNyWgaHb9cbcoQgdIVFlYg7B77UdFm', 'lpsZLoWZQQ', '1', '2019-05-01 10:44:56', '2019-05-01 10:44:56'), ('24', '万涛', 'rerum06@example.net', '$2y$10$TKh8H1.PfQx37YgCzwiKb.KjNyWgaHb9cbcoQgdIVFlYg7B77UdFm', 'vEKNg7HjBN', '1', '2019-05-01 10:44:56', '2019-05-01 10:44:56'), ('25', '苟静', 'yet@example.org', '$2y$10$TKh8H1.PfQx37YgCzwiKb.KjNyWgaHb9cbcoQgdIVFlYg7B77UdFm', 'cmpra56fxK', '1', '2019-05-01 10:44:56', '2019-05-01 10:44:56'), ('26', '伍文君', 'ieos@example.net', '$2y$10$TKh8H1.PfQx37YgCzwiKb.KjNyWgaHb9cbcoQgdIVFlYg7B77UdFm', 'vNWTsXGsoP', '1', '2019-05-01 10:44:56', '2019-05-01 10:44:56'), ('27', '郭秀梅', 'sapiente23@example.net', '$2y$10$TKh8H1.PfQx37YgCzwiKb.KjNyWgaHb9cbcoQgdIVFlYg7B77UdFm', '3UICmD4fbh', '1', '2019-05-01 10:44:56', '2019-05-01 10:44:56'), ('28', '李桂芳', 'esse.facilis@example.org', '$2y$10$TKh8H1.PfQx37YgCzwiKb.KjNyWgaHb9cbcoQgdIVFlYg7B77UdFm', 'nZvNJYfCvn', '1', '2019-05-01 10:44:56', '2019-05-01 10:44:56'), ('29', '黎志文', 'ab65@example.net', '$2y$10$TKh8H1.PfQx37YgCzwiKb.KjNyWgaHb9cbcoQgdIVFlYg7B77UdFm', 'fCVn8kTqNm', '1', '2019-05-01 10:44:56', '2019-05-01 10:44:56'), ('30', '郁明霞', 'natus.perferendis@example.net', '$2y$10$TKh8H1.PfQx37YgCzwiKb.KjNyWgaHb9cbcoQgdIVFlYg7B77UdFm', '0PJAKvIDfy', '1', '2019-05-01 10:44:56', '2019-05-01 10:44:56'), ('31', '路鹏程', 'eaque06@example.net', '$2y$10$TKh8H1.PfQx37YgCzwiKb.KjNyWgaHb9cbcoQgdIVFlYg7B77UdFm', 'I6Z3np9mrl', '1', '2019-05-01 10:44:56', '2019-05-01 10:44:56'), ('32', '滕莉', 'quisquam_et@example.net', '$2y$10$TKh8H1.PfQx37YgCzwiKb.KjNyWgaHb9cbcoQgdIVFlYg7B77UdFm', '56ccSgtINS', '1', '2019-05-01 10:44:56', '2019-05-01 10:44:56'), ('33', '鄢成', 'ea_beatae@example.net', '$2y$10$TKh8H1.PfQx37YgCzwiKb.KjNyWgaHb9cbcoQgdIVFlYg7B77UdFm', 'wH5GmEq83o', '1', '2019-05-01 10:44:56', '2019-05-01 10:44:56'), ('34', '简怡', 'eos.praesentium@example.com', '$2y$10$TKh8H1.PfQx37YgCzwiKb.KjNyWgaHb9cbcoQgdIVFlYg7B77UdFm', 'aOgfWuTLfJ', '1', '2019-05-01 10:44:56', '2019-05-01 10:44:56'), ('35', '易婷', 'aut_et@example.com', '$2y$10$TKh8H1.PfQx37YgCzwiKb.KjNyWgaHb9cbcoQgdIVFlYg7B77UdFm', 'rKCKLCqxGI', '1', '2019-05-01 10:44:56', '2019-05-01 10:44:56'), ('36', '芦刚', 'pvoluptatem@example.net', '$2y$10$TKh8H1.PfQx37YgCzwiKb.KjNyWgaHb9cbcoQgdIVFlYg7B77UdFm', 'SuT65hyi4l', '1', '2019-05-01 10:44:56', '2019-05-01 10:44:56'), ('37', '樊瑜', 'porro.qui@example.com', '$2y$10$TKh8H1.PfQx37YgCzwiKb.KjNyWgaHb9cbcoQgdIVFlYg7B77UdFm', 'aYkCyKTLV4', '1', '2019-05-01 10:44:56', '2019-05-01 10:44:56'), ('38', '周俊', 'sunt.minima@example.com', '$2y$10$TKh8H1.PfQx37YgCzwiKb.KjNyWgaHb9cbcoQgdIVFlYg7B77UdFm', 'EvPBeeg4uQ', '1', '2019-05-01 10:44:56', '2019-05-01 10:44:56'), ('39', '栾君', 'officiis_incidunt@example.com', '$2y$10$TKh8H1.PfQx37YgCzwiKb.KjNyWgaHb9cbcoQgdIVFlYg7B77UdFm', 'GLyLATxiuq', '1', '2019-05-01 10:44:56', '2019-05-01 10:44:56'), ('40', '辜宁', 'ducimus.beatae@example.com', '$2y$10$TKh8H1.PfQx37YgCzwiKb.KjNyWgaHb9cbcoQgdIVFlYg7B77UdFm', 'te5Hk5SjpC', '1', '2019-05-01 10:44:56', '2019-05-01 10:44:56'), ('41', '包琳', 'omnis_aut@example.com', '$2y$10$TKh8H1.PfQx37YgCzwiKb.KjNyWgaHb9cbcoQgdIVFlYg7B77UdFm', 'hYZSnwD6jA', '1', '2019-05-01 10:44:56', '2019-05-01 10:44:56'), ('42', '耿国庆', 'aperspiciatis@example.net', '$2y$10$TKh8H1.PfQx37YgCzwiKb.KjNyWgaHb9cbcoQgdIVFlYg7B77UdFm', 'BXzTVnO57d', '1', '2019-05-01 10:44:56', '2019-05-01 10:44:56'), ('43', '欧瑞', 'ut.qui@example.net', '$2y$10$TKh8H1.PfQx37YgCzwiKb.KjNyWgaHb9cbcoQgdIVFlYg7B77UdFm', 'A4zhSMerK5', '1', '2019-05-01 10:44:56', '2019-05-01 10:44:56'), ('44', '郑海燕', 'officia.aut@example.net', '$2y$10$TKh8H1.PfQx37YgCzwiKb.KjNyWgaHb9cbcoQgdIVFlYg7B77UdFm', 'NJrh5hJb6B', '1', '2019-05-01 10:44:56', '2019-05-01 10:44:56'), ('45', '娄刚', 'ket@example.net', '$2y$10$TKh8H1.PfQx37YgCzwiKb.KjNyWgaHb9cbcoQgdIVFlYg7B77UdFm', 'QP715uq3TE', '1', '2019-05-01 10:44:56', '2019-05-01 10:44:56'), ('46', '祝明', 'manimi@example.org', '$2y$10$TKh8H1.PfQx37YgCzwiKb.KjNyWgaHb9cbcoQgdIVFlYg7B77UdFm', 'NdAJEeEj2U', '1', '2019-05-01 10:44:56', '2019-05-01 10:44:56'), ('47', '施玉英', 'consequatur_sint@example.org', '$2y$10$TKh8H1.PfQx37YgCzwiKb.KjNyWgaHb9cbcoQgdIVFlYg7B77UdFm', 'W00jYbo31t', '1', '2019-05-01 10:44:56', '2019-05-01 10:44:56'), ('48', '白秀云', 'aut62@example.net', '$2y$10$TKh8H1.PfQx37YgCzwiKb.KjNyWgaHb9cbcoQgdIVFlYg7B77UdFm', 'Ld2aA8ZSdJ', '1', '2019-05-01 10:44:56', '2019-05-01 10:44:56'), ('49', '蒋淑英', 'iperferendis@example.com', '$2y$10$TKh8H1.PfQx37YgCzwiKb.KjNyWgaHb9cbcoQgdIVFlYg7B77UdFm', 'APII8OgtbY', '1', '2019-05-01 10:44:56', '2019-05-01 10:44:56'), ('50', '廉燕', 'optio_labore@example.com', '$2y$10$TKh8H1.PfQx37YgCzwiKb.KjNyWgaHb9cbcoQgdIVFlYg7B77UdFm', 'eFGZsqTqpG', '1', '2019-05-01 10:44:56', '2019-05-01 10:44:56'), ('51', '竺倩', 'molestiae83@example.org', '$2y$10$TKh8H1.PfQx37YgCzwiKb.KjNyWgaHb9cbcoQgdIVFlYg7B77UdFm', '8P10rNH8ua', '1', '2019-05-01 10:44:56', '2019-05-01 10:44:56'), ('52', '文瑞', 'lin@example.net', '$2y$10$TKh8H1.PfQx37YgCzwiKb.KjNyWgaHb9cbcoQgdIVFlYg7B77UdFm', 'Zs8G3fJo04', '1', '2019-05-01 10:44:56', '2019-05-01 10:44:56'), ('53', '吕洋', 'rest@example.net', '$2y$10$TKh8H1.PfQx37YgCzwiKb.KjNyWgaHb9cbcoQgdIVFlYg7B77UdFm', 'guIoqHDBTW', '1', '2019-05-01 10:44:56', '2019-05-01 10:44:56'), ('54', '僧龙', 'eos81@example.org', '$2y$10$TKh8H1.PfQx37YgCzwiKb.KjNyWgaHb9cbcoQgdIVFlYg7B77UdFm', 'VSj0Lt9tEZ', '1', '2019-05-01 10:44:56', '2019-05-01 10:44:56'), ('55', '阎冬梅', 'cfacere@example.org', '$2y$10$TKh8H1.PfQx37YgCzwiKb.KjNyWgaHb9cbcoQgdIVFlYg7B77UdFm', '3D4uhhrhA8', '1', '2019-05-01 10:44:56', '2019-05-01 10:44:56'), ('56', '乐桂香', 'architecto.qui@example.net', '$2y$10$TKh8H1.PfQx37YgCzwiKb.KjNyWgaHb9cbcoQgdIVFlYg7B77UdFm', 'aoBV9ZsT7o', '1', '2019-05-01 10:44:56', '2019-05-01 10:44:56'), ('57', '仲珺', 'temporibus18@example.net', '$2y$10$TKh8H1.PfQx37YgCzwiKb.KjNyWgaHb9cbcoQgdIVFlYg7B77UdFm', 'BKIwO1idjn', '1', '2019-05-01 10:44:56', '2019-05-01 10:44:56'), ('58', '尹瑞', 'dolor.aut@example.org', '$2y$10$TKh8H1.PfQx37YgCzwiKb.KjNyWgaHb9cbcoQgdIVFlYg7B77UdFm', 'eVvwDa0DkS', '1', '2019-05-01 10:44:56', '2019-05-01 10:44:56'), ('59', '屠依琳', 'quas.nihil@example.net', '$2y$10$TKh8H1.PfQx37YgCzwiKb.KjNyWgaHb9cbcoQgdIVFlYg7B77UdFm', 'Nls1hyXSDi', '1', '2019-05-01 10:44:56', '2019-05-01 10:44:56'), ('60', '糜华', 'eum.totam@example.com', '$2y$10$TKh8H1.PfQx37YgCzwiKb.KjNyWgaHb9cbcoQgdIVFlYg7B77UdFm', 'SlWb6yGHC2', '1', '2019-05-01 10:44:56', '2019-05-01 10:44:56'), ('61', '费玉梅', 'maiores87@example.com', '$2y$10$TKh8H1.PfQx37YgCzwiKb.KjNyWgaHb9cbcoQgdIVFlYg7B77UdFm', 'vH6Oapdt6Y', '1', '2019-05-01 10:44:56', '2019-05-01 10:44:56'), ('62', '左爱华', 'csint@example.net', '$2y$10$TKh8H1.PfQx37YgCzwiKb.KjNyWgaHb9cbcoQgdIVFlYg7B77UdFm', 'CpR228Kqeu', '1', '2019-05-01 10:44:56', '2019-05-01 10:44:56'), ('63', '林淑兰', 'corporis.quasi@example.net', '$2y$10$TKh8H1.PfQx37YgCzwiKb.KjNyWgaHb9cbcoQgdIVFlYg7B77UdFm', 'Fx1eAdmtR4', '1', '2019-05-01 10:44:56', '2019-05-01 10:44:56'), ('64', '潘畅', 'quia_molestias@example.org', '$2y$10$TKh8H1.PfQx37YgCzwiKb.KjNyWgaHb9cbcoQgdIVFlYg7B77UdFm', 'hN0V7fpKBe', '1', '2019-05-01 10:44:56', '2019-05-01 10:44:56'), ('65', '窦亮', 'amet84@example.com', '$2y$10$TKh8H1.PfQx37YgCzwiKb.KjNyWgaHb9cbcoQgdIVFlYg7B77UdFm', 'kgeSe3EAQT', '1', '2019-05-01 10:44:56', '2019-05-01 10:44:56'), ('66', '简哲', 'wfacere@example.org', '$2y$10$TKh8H1.PfQx37YgCzwiKb.KjNyWgaHb9cbcoQgdIVFlYg7B77UdFm', 'KSsEpG3gM0', '1', '2019-05-01 10:44:56', '2019-05-01 10:44:56'), ('67', '席云', 'incidunt.rerum@example.com', '$2y$10$TKh8H1.PfQx37YgCzwiKb.KjNyWgaHb9cbcoQgdIVFlYg7B77UdFm', 'h9fWZwyjki', '1', '2019-05-01 10:44:56', '2019-05-01 10:44:56'), ('68', '闵秀芳', 'eos.maxime@example.org', '$2y$10$TKh8H1.PfQx37YgCzwiKb.KjNyWgaHb9cbcoQgdIVFlYg7B77UdFm', '5Gkdd5n7Bk', '1', '2019-05-01 10:44:56', '2019-05-01 10:44:56'), ('69', '詹爱华', 'autem.cum@example.com', '$2y$10$TKh8H1.PfQx37YgCzwiKb.KjNyWgaHb9cbcoQgdIVFlYg7B77UdFm', 'lWJEBhcmsa', '1', '2019-05-01 10:44:56', '2019-05-01 10:44:56'), ('70', '袁帅', 'repellat.accusamus@example.org', '$2y$10$TKh8H1.PfQx37YgCzwiKb.KjNyWgaHb9cbcoQgdIVFlYg7B77UdFm', 'Vrsu7FDuJE', '1', '2019-05-01 10:44:56', '2019-05-01 10:44:56'), ('71', '姬翼', 'commodi.suscipit@example.org', '$2y$10$TKh8H1.PfQx37YgCzwiKb.KjNyWgaHb9cbcoQgdIVFlYg7B77UdFm', 'ZhoPc0fnxQ', '1', '2019-05-01 10:44:56', '2019-05-01 10:44:56'), ('72', '曹志强', 'id39@example.net', '$2y$10$TKh8H1.PfQx37YgCzwiKb.KjNyWgaHb9cbcoQgdIVFlYg7B77UdFm', 'aS4YtNtqY2', '1', '2019-05-01 10:44:56', '2019-05-01 10:44:56'), ('73', '衣桂芝', 'sint_et@example.net', '$2y$10$TKh8H1.PfQx37YgCzwiKb.KjNyWgaHb9cbcoQgdIVFlYg7B77UdFm', 'JtZ8gh2YSl', '1', '2019-05-01 10:44:56', '2019-05-01 10:44:56'), ('74', '乔辉', 'accusamus_aut@example.com', '$2y$10$TKh8H1.PfQx37YgCzwiKb.KjNyWgaHb9cbcoQgdIVFlYg7B77UdFm', 'tjPinUnt2I', '1', '2019-05-01 10:44:56', '2019-05-01 10:44:56'), ('75', '管金凤', 'provident_consequuntur@example.org', '$2y$10$TKh8H1.PfQx37YgCzwiKb.KjNyWgaHb9cbcoQgdIVFlYg7B77UdFm', 'bmKPztru4D', '1', '2019-05-01 10:44:56', '2019-05-01 10:44:56'), ('76', '龚欣', 'qui.aut@example.com', '$2y$10$TKh8H1.PfQx37YgCzwiKb.KjNyWgaHb9cbcoQgdIVFlYg7B77UdFm', 'uBy8OWBK09', '1', '2019-05-01 10:44:56', '2019-05-01 10:44:56'), ('77', '葛正豪', 'ratione.hic@example.com', '$2y$10$TKh8H1.PfQx37YgCzwiKb.KjNyWgaHb9cbcoQgdIVFlYg7B77UdFm', '5SIoYnAwxe', '1', '2019-05-01 10:44:56', '2019-05-01 10:44:56'), ('78', '蔡娟', 'veos@example.net', '$2y$10$TKh8H1.PfQx37YgCzwiKb.KjNyWgaHb9cbcoQgdIVFlYg7B77UdFm', 'yNRBDrX6DS', '1', '2019-05-01 10:44:56', '2019-05-01 10:44:56'), ('79', '贾鹏', 'dolorum.accusantium@example.org', '$2y$10$TKh8H1.PfQx37YgCzwiKb.KjNyWgaHb9cbcoQgdIVFlYg7B77UdFm', 'ItKMOfXi19', '1', '2019-05-01 10:44:56', '2019-05-01 10:44:56'), ('80', '倪飞', 'voluptatem79@example.org', '$2y$10$TKh8H1.PfQx37YgCzwiKb.KjNyWgaHb9cbcoQgdIVFlYg7B77UdFm', '1fJ7RhVGxV', '1', '2019-05-01 10:44:56', '2019-05-01 10:44:56'), ('81', '武华', 'xmagnam@example.net', '$2y$10$TKh8H1.PfQx37YgCzwiKb.KjNyWgaHb9cbcoQgdIVFlYg7B77UdFm', 'tfYBsQkHxq', '1', '2019-05-01 10:44:56', '2019-05-01 10:44:56'), ('82', '毕强', 'kquaerat@example.net', '$2y$10$TKh8H1.PfQx37YgCzwiKb.KjNyWgaHb9cbcoQgdIVFlYg7B77UdFm', 'kwPqPltjeK', '1', '2019-05-01 10:44:56', '2019-05-01 10:44:56'), ('83', '甄浩', 'tempore47@example.org', '$2y$10$TKh8H1.PfQx37YgCzwiKb.KjNyWgaHb9cbcoQgdIVFlYg7B77UdFm', 'k14k10pVvr', '1', '2019-05-01 10:44:56', '2019-05-01 10:44:56'), ('84', '都宇', 'voluptatum.et@example.net', '$2y$10$TKh8H1.PfQx37YgCzwiKb.KjNyWgaHb9cbcoQgdIVFlYg7B77UdFm', '0NOEkxZeaG', '1', '2019-05-01 10:44:56', '2019-05-01 10:44:56'), ('85', '庞智明', 'itaque.nesciunt@example.net', '$2y$10$TKh8H1.PfQx37YgCzwiKb.KjNyWgaHb9cbcoQgdIVFlYg7B77UdFm', 'GSkQXRb7Fw', '1', '2019-05-01 10:44:56', '2019-05-01 10:44:56'), ('86', '盖婕', 'sed_consectetur@example.com', '$2y$10$TKh8H1.PfQx37YgCzwiKb.KjNyWgaHb9cbcoQgdIVFlYg7B77UdFm', 'PfqqDdv48N', '1', '2019-05-01 10:44:56', '2019-05-01 10:44:56'), ('87', '应军', 'ut.officiis@example.org', '$2y$10$TKh8H1.PfQx37YgCzwiKb.KjNyWgaHb9cbcoQgdIVFlYg7B77UdFm', 'sgrtGhdkUz', '1', '2019-05-01 10:44:56', '2019-05-01 10:44:56'), ('88', '余娟', 'non.cumque@example.com', '$2y$10$TKh8H1.PfQx37YgCzwiKb.KjNyWgaHb9cbcoQgdIVFlYg7B77UdFm', '686bXPsmhn', '1', '2019-05-01 10:44:56', '2019-05-01 10:44:56'), ('89', '植兵', 'blanditiis.laborum@example.org', '$2y$10$TKh8H1.PfQx37YgCzwiKb.KjNyWgaHb9cbcoQgdIVFlYg7B77UdFm', '7UL3TNophP', '1', '2019-05-01 10:44:56', '2019-05-01 10:44:56'), ('90', '甘兵', 'ipsam_dicta@example.net', '$2y$10$TKh8H1.PfQx37YgCzwiKb.KjNyWgaHb9cbcoQgdIVFlYg7B77UdFm', 'YZ5K8Fz0XR', '1', '2019-05-01 10:44:56', '2019-05-01 10:44:56'), ('91', '阮腊梅', 'cupiditate_quae@example.com', '$2y$10$TKh8H1.PfQx37YgCzwiKb.KjNyWgaHb9cbcoQgdIVFlYg7B77UdFm', 'cyMW3Q2y1w', '1', '2019-05-01 10:44:56', '2019-05-01 10:44:56'), ('92', '宇桂芳', 'temporibus.dignissimos@example.org', '$2y$10$TKh8H1.PfQx37YgCzwiKb.KjNyWgaHb9cbcoQgdIVFlYg7B77UdFm', 'B3VrWs3T2M', '1', '2019-05-01 10:44:56', '2019-05-01 10:44:56'), ('93', '花静', 'bdistinctio@example.net', '$2y$10$TKh8H1.PfQx37YgCzwiKb.KjNyWgaHb9cbcoQgdIVFlYg7B77UdFm', 'YXDwFRvE0J', '1', '2019-05-01 10:44:56', '2019-05-01 10:44:56'), ('94', '吉桂芬', 'at58@example.org', '$2y$10$TKh8H1.PfQx37YgCzwiKb.KjNyWgaHb9cbcoQgdIVFlYg7B77UdFm', 'rPJDxaV4UW', '1', '2019-05-01 10:44:56', '2019-05-01 10:44:56'), ('95', '卓桂芝', 'quo_sed@example.com', '$2y$10$TKh8H1.PfQx37YgCzwiKb.KjNyWgaHb9cbcoQgdIVFlYg7B77UdFm', 'aUlz7gQLxO', '1', '2019-05-01 10:44:56', '2019-05-01 10:44:56'), ('96', '艾丹丹', 'illum31@example.org', '$2y$10$TKh8H1.PfQx37YgCzwiKb.KjNyWgaHb9cbcoQgdIVFlYg7B77UdFm', 'tXhC53Tiyr', '1', '2019-05-01 10:44:56', '2019-05-01 10:44:56'), ('97', '冯桂芝', 'inatus@example.net', '$2y$10$TKh8H1.PfQx37YgCzwiKb.KjNyWgaHb9cbcoQgdIVFlYg7B77UdFm', 'nAJ3FZV5es', '1', '2019-05-01 10:44:56', '2019-05-01 10:44:56'), ('98', '史琴', 'haccusantium@example.com', '$2y$10$TKh8H1.PfQx37YgCzwiKb.KjNyWgaHb9cbcoQgdIVFlYg7B77UdFm', 'UrLzVGJ7Sa', '1', '2019-05-01 10:44:56', '2019-05-01 10:44:56'), ('99', '高慧', 'consequatur_minus@example.org', '$2y$10$TKh8H1.PfQx37YgCzwiKb.KjNyWgaHb9cbcoQgdIVFlYg7B77UdFm', 'Ns7GTB9Eg2', '1', '2019-05-01 10:44:56', '2019-05-01 10:44:56'), ('100', '孟全安', 'dignissimos_ut@example.net', '$2y$10$TKh8H1.PfQx37YgCzwiKb.KjNyWgaHb9cbcoQgdIVFlYg7B77UdFm', 'PfW5ZQIy7F', '1', '2019-05-01 10:44:56', '2019-05-01 10:44:56'), ('101', '成俊', 'enim.doloribus@example.org', '$2y$10$TKh8H1.PfQx37YgCzwiKb.KjNyWgaHb9cbcoQgdIVFlYg7B77UdFm', 'o43D8dRSrS', '1', '2019-05-05 23:37:56', '2019-05-05 23:37:56'), ('102', '梁建平', 'voluptatem24@example.org', '$2y$10$TKh8H1.PfQx37YgCzwiKb.KjNyWgaHb9cbcoQgdIVFlYg7B77UdFm', '9wBib8nWL0', '1', '2019-05-05 23:37:56', '2019-05-05 23:37:56'), ('103', '保丽娟', 'eum.voluptate@example.net', '$2y$10$TKh8H1.PfQx37YgCzwiKb.KjNyWgaHb9cbcoQgdIVFlYg7B77UdFm', 'sk6m1SEV7f', '1', '2019-05-05 23:37:56', '2019-05-05 23:37:56'), ('109', 'HeRedBo', '1196450116@qq.com', '$2y$10$f5rqlLOOdmqeL0IHq7/ET.jZX/3ajPUDrWL.50ebVKMCiCvzqqACG', '3vQcY6nEJ2ItdEQNFGCSIvECZC0pkJ7rYkJUo6hlL7gno57MDM9C1Bn4RQUZ', '1', '2019-05-12 09:53:18', '2019-05-12 09:53:18');
COMMIT;

SET FOREIGN_KEY_CHECKS = 1;
